"../../../Engine/Plugins/Interchange/Runtime/Content/Pipelines/DefaultTexturePipeline.uasset" 0
"../../../Engine/Plugins/Interchange/Runtime/Content/Pipelines/DefaultTexturePipeline.uexp" 1
"../../../Engine/Plugins/Interchange/Runtime/Content/Pipelines/DefaultSceneLevelPipeline.uasset" 2
"../../../Engine/Plugins/Interchange/Runtime/Content/Pipelines/DefaultSceneLevelPipeline.uexp" 3
"../../../Engine/Plugins/Interchange/Runtime/Content/Pipelines/DefaultSceneAssetsPipeline.uasset" 4
"../../../Engine/Plugins/Interchange/Runtime/Content/Pipelines/DefaultSceneAssetsPipeline.uexp" 5
"../../../Engine/Plugins/Interchange/Runtime/Content/Pipelines/DefaultMaterialXPipeline.uasset" 6
"../../../Engine/Plugins/Interchange/Runtime/Content/Pipelines/DefaultMaterialXPipeline.uexp" 7
"../../../Engine/Plugins/Interchange/Runtime/Content/Pipelines/DefaultMaterialPipeline.uasset" 8
"../../../Engine/Plugins/Interchange/Runtime/Content/Pipelines/DefaultMaterialPipeline.uexp" 9
"../../../Engine/Plugins/Interchange/Runtime/Content/Pipelines/DefaultGLTFSceneAssetsPipeline.uasset" 10
"../../../Engine/Plugins/Interchange/Runtime/Content/Pipelines/DefaultGLTFSceneAssetsPipeline.uexp" 11
"../../../Engine/Plugins/Interchange/Runtime/Content/Pipelines/DefaultGLTFPipeline.uasset" 12
"../../../Engine/Plugins/Interchange/Runtime/Content/Pipelines/DefaultGLTFPipeline.uexp" 13
"../../../Engine/Plugins/Interchange/Runtime/Content/Pipelines/DefaultGLTFAssetsPipeline.uasset" 14
"../../../Engine/Plugins/Interchange/Runtime/Content/Pipelines/DefaultGLTFAssetsPipeline.uexp" 15
"../../../Engine/Plugins/Interchange/Runtime/Content/Pipelines/DefaultAssetsPipeline.uasset" 16
"../../../Engine/Plugins/Interchange/Runtime/Content/Pipelines/DefaultAssetsPipeline.uexp" 17
"../../../Engine/Plugins/Experimental/Water/Content/Waves/GerstnerWaves_Ocean.uasset" 18
"../../../Engine/Plugins/Experimental/Water/Content/Waves/GerstnerWaves_Ocean.uexp" 19
"../../../Engine/Plugins/Experimental/Water/Content/Waves/GerstnerWaves_Lake.uasset" 20
"../../../Engine/Plugins/Experimental/Water/Content/Waves/GerstnerWaves_Lake.uexp" 21
"../../../Engine/Plugins/Experimental/Water/Content/Materials/MPC/MPC_Water.uasset" 22
"../../../Engine/Plugins/Experimental/Water/Content/Materials/MPC/MPC_Water.uexp" 23
"../../../Engine/Plugins/Animation/ControlRig/Content/Controls/DefaultGizmoLibraryNormalized.uasset" 24
"../../../Engine/Plugins/Animation/ControlRig/Content/Controls/DefaultGizmoLibraryNormalized.uexp" 25
"../../../Engine/Plugins/2D/Paper2D/Content/PlaceholderTextures/DummySpriteTexture.uasset" 26
"../../../Engine/Plugins/2D/Paper2D/Content/PlaceholderTextures/DummySpriteTexture.ubulk" 27
"../../../Engine/Plugins/2D/Paper2D/Content/PlaceholderTextures/DummySpriteTexture.uexp" 28
"../../../Engine/Plugins/2D/Paper2D/Content/DummySprite.uasset" 29
"../../../Engine/Plugins/2D/Paper2D/Content/DummySprite.uexp" 30
"../../../Engine/Plugins/2D/Paper2D/Content/DefaultPaperTerrainMaterial.uasset" 31
"../../../Engine/Plugins/2D/Paper2D/Content/DefaultPaperTerrainMaterial.uexp" 32
"../../../Engine/Content/MobileResources/HUD/VirtualJoystick_Background.uasset" 33
"../../../Engine/Content/MobileResources/HUD/VirtualJoystick_Background.uexp" 34
"../../../Engine/Content/MobileResources/HUD/VirtualJoystick_Thumb.uasset" 35
"../../../Engine/Content/MobileResources/HUD/VirtualJoystick_Thumb.uexp" 36
"../../../Engine/Content/MobileResources/HUD/DefaultVirtualJoysticks.uasset" 37
"../../../Engine/Content/MobileResources/HUD/DefaultVirtualJoysticks.uexp" 38
"../../../Engine/Content/EngineMaterials/DefaultDestructiblePhysicalMaterial.uasset" 39
"../../../Engine/Content/EngineMaterials/DefaultDestructiblePhysicalMaterial.uexp" 40
"../../../Engine/Content/EngineFonts/Faces/RobotoLight.uasset" 41
"../../../Engine/Content/EngineFonts/Faces/RobotoLight.ufont" 42
"../../../Engine/Content/EngineFonts/Faces/RobotoLight.uexp" 43
"../../../Engine/Content/EngineFonts/Faces/RobotoBold.uasset" 44
"../../../Engine/Content/EngineFonts/Faces/RobotoBold.ufont" 45
"../../../Engine/Content/EngineFonts/Faces/RobotoBold.uexp" 46
"../../../Engine/Content/EngineFonts/Faces/RobotoRegular.uasset" 47
"../../../Engine/Content/EngineFonts/Faces/RobotoRegular.ufont" 48
"../../../Engine/Content/EngineFonts/Faces/RobotoRegular.uexp" 49
"../../../Engine/Content/EngineFonts/Faces/DroidSansFallback.uasset" 50
"../../../Engine/Content/EngineFonts/Faces/DroidSansFallback.ufont" 51
"../../../Engine/Content/EngineFonts/Faces/DroidSansFallback.uexp" 52
"../../../Engine/Content/EngineFonts/Faces/RobotoItalic.uasset" 53
"../../../Engine/Content/EngineFonts/Faces/RobotoItalic.ufont" 54
"../../../Engine/Content/EngineFonts/Faces/RobotoItalic.uexp" 55
"../../../Engine/Content/EngineFonts/Faces/RobotoBoldItalic.uasset" 56
"../../../Engine/Content/EngineFonts/Faces/RobotoBoldItalic.ufont" 57
"../../../Engine/Content/EngineFonts/Faces/RobotoBoldItalic.uexp" 58
"../../../Engine/Content/EngineFonts/Roboto.uasset" 59
"../../../Engine/Content/EngineFonts/Roboto.uexp" 60
"../../../Engine/Content/Animation/DefaultRecorderBoneCompression.uasset" 61
"../../../Engine/Content/Animation/DefaultRecorderBoneCompression.uexp" 62
"../../../Engine/Content/EditorResources/S_Actor.uasset" 63
"../../../Engine/Content/EditorResources/S_Actor.ubulk" 64
"../../../Engine/Content/EditorResources/S_Actor.uexp" 65
"../../../Engine/Content/EditorResources/S_BoxReflectionCapture.uasset" 66
"../../../Engine/Content/EditorResources/S_BoxReflectionCapture.uexp" 67
"../../../Engine/Content/EngineResources/DefaultTexture.uasset" 68
"../../../Engine/Content/EngineResources/DefaultTexture.ubulk" 69
"../../../Engine/Content/EngineResources/DefaultTexture.uexp" 70
"../../../Engine/Content/EngineResources/DefaultTextureCube.uasset" 71
"../../../Engine/Content/EngineResources/DefaultTextureCube.uexp" 72
"../../../Engine/Content/EngineResources/DefaultVolumeTexture2D.uasset" 73
"../../../Engine/Content/EngineResources/DefaultVolumeTexture2D.uexp" 74
"../../../Engine/Content/EngineResources/DefaultVolumeTexture.uasset" 75
"../../../Engine/Content/EngineResources/DefaultVolumeTexture.uexp" 76
"../../../Engine/Content/EditorResources/S_Trigger.uasset" 77
"../../../Engine/Content/EditorResources/S_Trigger.ubulk" 78
"../../../Engine/Content/EditorResources/S_Trigger.uexp" 79
"../../../Engine/Content/EditorResources/S_TriggerBox.uasset" 80
"../../../Engine/Content/EditorResources/S_TriggerBox.uexp" 81
"../../../Engine/Content/EditorResources/S_TriggerCapsule.uasset" 82
"../../../Engine/Content/EditorResources/S_TriggerCapsule.uexp" 83
"../../../Engine/Content/EditorResources/S_TriggerSphere.uasset" 84
"../../../Engine/Content/EditorResources/S_TriggerSphere.uexp" 85
"../../../Engine/Content/EngineMeshes/Sphere.uasset" 86
"../../../Engine/Content/EngineMeshes/Sphere.ubulk" 87
"../../../Engine/Content/EngineMeshes/Sphere.uexp" 88
"D:/Game_Projects/Projects/Wonderland_Project_03/WonderlandProject/Content/Wonderland/GameInstance/BP_GameInstance.uasset" 89
"D:/Game_Projects/Projects/Wonderland_Project_03/WonderlandProject/Content/Wonderland/GameInstance/BP_GameInstance.uexp" 90
"../../../Engine/Plugins/Runtime/MeshModelingToolset/Content/Materials/M_DynamicMeshComponentVtxColor.uasset" 91
"../../../Engine/Plugins/Runtime/MeshModelingToolset/Content/Materials/M_DynamicMeshComponentVtxColor.uexp" 92
"../../../Engine/Plugins/Runtime/HairStrands/Content/Materials/HairMeshesDefaultMaterial.uasset" 93
"../../../Engine/Plugins/Runtime/HairStrands/Content/Materials/HairMeshesDefaultMaterial.uexp" 94
"../../../Engine/Plugins/Runtime/HairStrands/Content/Materials/HairDefaultMaterial.uasset" 95
"../../../Engine/Plugins/Runtime/HairStrands/Content/Materials/HairDefaultMaterial.uexp" 96
"../../../Engine/Plugins/Runtime/HairStrands/Content/Materials/HairGroupColors.uasset" 97
"../../../Engine/Plugins/Runtime/HairStrands/Content/Materials/HairGroupColors.uexp" 98
"../../../Engine/Content/Functions/Engine_MaterialFunctions02/Utility/MakeFloat2.uasset" 99
"../../../Engine/Content/Functions/Engine_MaterialFunctions02/Utility/MakeFloat2.uexp" 100
"../../../Engine/Content/Functions/Engine_MaterialFunctions02/Utility/MakeFloat3.uasset" 101
"../../../Engine/Content/Functions/Engine_MaterialFunctions02/Utility/MakeFloat3.uexp" 102
"../../../Engine/Content/EngineMaterials/HairColorMap.uasset" 103
"../../../Engine/Content/EngineMaterials/HairColorMap.uexp" 104
"../../../Engine/Content/EngineMaterials/HairDebugColor.uasset" 105
"../../../Engine/Content/EngineMaterials/HairDebugColor.uexp" 106
"../../../Engine/Plugins/Runtime/HairStrands/Content/Materials/HairDebugMaterial.uasset" 107
"../../../Engine/Plugins/Runtime/HairStrands/Content/Materials/HairDebugMaterial.uexp" 108
"../../../Engine/Plugins/Runtime/HairStrands/Content/Materials/HairCardsDefaultMaterial.uasset" 109
"../../../Engine/Plugins/Runtime/HairStrands/Content/Materials/HairCardsDefaultMaterial.uexp" 110
"../../../Engine/Plugins/Runtime/AudioWidgets/Content/Resources/ScrubHandleDown_Clamped.uasset" 111
"../../../Engine/Plugins/Runtime/AudioWidgets/Content/Resources/ScrubHandleDown_Clamped.uexp" 112
"../../../Engine/Content/Functions/Engine_MaterialFunctions02/Texturing/CustomRotator.uasset" 113
"../../../Engine/Content/Functions/Engine_MaterialFunctions02/Texturing/CustomRotator.uexp" 114
"../../../Engine/Content/Functions/Engine_MaterialFunctions02/Utility/BreakOutFloat2Components.uasset" 115
"../../../Engine/Content/Functions/Engine_MaterialFunctions02/Utility/BreakOutFloat2Components.uexp" 116
"../../../Engine/Content/Functions/Engine_MaterialFunctions01/Texturing/ScaleUVsByCenter.uasset" 117
"../../../Engine/Content/Functions/Engine_MaterialFunctions01/Texturing/ScaleUVsByCenter.uexp" 118
"../../../Engine/Plugins/Runtime/AudioWidgets/Content/AudioMaterialSlate/Functions/MF_SingleLine_Smooth.uasset" 119
"../../../Engine/Plugins/Runtime/AudioWidgets/Content/AudioMaterialSlate/Functions/MF_SingleLine_Smooth.uexp" 120
"../../../Engine/Plugins/Runtime/AudioWidgets/Content/AudioMaterialSlate/Functions/MF_AngleGradient.uasset" 121
"../../../Engine/Plugins/Runtime/AudioWidgets/Content/AudioMaterialSlate/Functions/MF_AngleGradient.uexp" 122
"../../../Engine/Plugins/Runtime/AudioWidgets/Content/AudioMaterialSlate/Functions/MF_SingleLine.uasset" 123
"../../../Engine/Plugins/Runtime/AudioWidgets/Content/AudioMaterialSlate/Functions/MF_SingleLine.uexp" 124
"../../../Engine/Content/Functions/Engine_MaterialFunctions01/Gradient/SphereGradient-2D.uasset" 125
"../../../Engine/Content/Functions/Engine_MaterialFunctions01/Gradient/SphereGradient-2D.uexp" 126
"../../../Engine/Plugins/Runtime/AudioWidgets/Content/AudioMaterialSlate/M_AudioMaterialToggleButton.uasset" 127
"../../../Engine/Plugins/Runtime/AudioWidgets/Content/AudioMaterialSlate/M_AudioMaterialToggleButton.uexp" 128
"../../../Engine/Plugins/Runtime/AudioWidgets/Content/AudioMaterialSlate/MI_AudioMaterialToggleButton.uasset" 129
"../../../Engine/Plugins/Runtime/AudioWidgets/Content/AudioMaterialSlate/MI_AudioMaterialToggleButton.uexp" 130
"../../../Engine/Content/Functions/Engine_MaterialFunctions02/Utility/VectorLength.uasset" 131
"../../../Engine/Content/Functions/Engine_MaterialFunctions02/Utility/VectorLength.uexp" 132
"../../../Engine/Content/Functions/Engine_MaterialFunctions01/Gradient/GeneratedRoundRect.uasset" 133
"../../../Engine/Content/Functions/Engine_MaterialFunctions01/Gradient/GeneratedRoundRect.uexp" 134
"../../../Engine/Plugins/Runtime/AudioWidgets/Content/AudioMaterialSlate/M_AudioMaterialRoundedSlider.uasset" 135
"../../../Engine/Plugins/Runtime/AudioWidgets/Content/AudioMaterialSlate/M_AudioMaterialRoundedSlider.uexp" 136
"../../../Engine/Plugins/Runtime/AudioWidgets/Content/AudioMaterialSlate/MI_AudioMaterialRoundedSlider.uasset" 137
"../../../Engine/Plugins/Runtime/AudioWidgets/Content/AudioMaterialSlate/MI_AudioMaterialRoundedSlider.uexp" 138
"../../../Engine/Plugins/Runtime/AudioWidgets/Content/AudioMaterialSlate/Functions/MF_Lines.uasset" 139
"../../../Engine/Plugins/Runtime/AudioWidgets/Content/AudioMaterialSlate/Functions/MF_Lines.uexp" 140
"../../../Engine/Content/Functions/Engine_MaterialFunctions02/Lerp_3Color.uasset" 141
"../../../Engine/Content/Functions/Engine_MaterialFunctions02/Lerp_3Color.uexp" 142
"../../../Engine/Plugins/Runtime/AudioWidgets/Content/AudioMaterialSlate/M_AudioMaterialMeter.uasset" 143
"../../../Engine/Plugins/Runtime/AudioWidgets/Content/AudioMaterialSlate/M_AudioMaterialMeter.uexp" 144
"../../../Engine/Plugins/Runtime/AudioWidgets/Content/AudioMaterialSlate/MI_AudioMaterialMeter.uasset" 145
"../../../Engine/Plugins/Runtime/AudioWidgets/Content/AudioMaterialSlate/MI_AudioMaterialMeter.uexp" 146
"../../../Engine/Plugins/Runtime/AudioWidgets/Content/AudioMaterialSlate/M_AudioMaterialKnob.uasset" 147
"../../../Engine/Plugins/Runtime/AudioWidgets/Content/AudioMaterialSlate/M_AudioMaterialKnob.uexp" 148
"../../../Engine/Plugins/Runtime/AudioWidgets/Content/AudioMaterialSlate/MI_AudioMaterialKnob.uasset" 149
"../../../Engine/Plugins/Runtime/AudioWidgets/Content/AudioMaterialSlate/MI_AudioMaterialKnob.uexp" 150
"../../../Engine/Plugins/Runtime/AudioWidgets/Content/AudioMaterialSlate/Functions/MF_DotOutlined.uasset" 151
"../../../Engine/Plugins/Runtime/AudioWidgets/Content/AudioMaterialSlate/Functions/MF_DotOutlined.uexp" 152
"../../../Engine/Plugins/Runtime/AudioWidgets/Content/AudioMaterialSlate/M_AudioMaterialEnvelope_ADSR.uasset" 153
"../../../Engine/Plugins/Runtime/AudioWidgets/Content/AudioMaterialSlate/M_AudioMaterialEnvelope_ADSR.uexp" 154
"../../../Engine/Plugins/Runtime/AudioWidgets/Content/AudioMaterialSlate/MI_AudioMaterialEnvelope_ADSR.uasset" 155
"../../../Engine/Plugins/Runtime/AudioWidgets/Content/AudioMaterialSlate/MI_AudioMaterialEnvelope_ADSR.uexp" 156
"../../../Engine/Plugins/NNE/NNEDenoiser/Content/NNEDTOM_Output_Default.uasset" 157
"../../../Engine/Plugins/NNE/NNEDenoiser/Content/NNEDTOM_Output_Default.uexp" 158
"../../../Engine/Plugins/NNE/NNEDenoiser/Content/NNEDTOM_Output_Alpha.uasset" 159
"../../../Engine/Plugins/NNE/NNEDenoiser/Content/NNEDTOM_Output_Alpha.uexp" 160
"../../../Engine/Plugins/NNE/NNEDenoiser/Content/NNEDTIM_ColorAlbedoNormal_Default.uasset" 161
"../../../Engine/Plugins/NNE/NNEDenoiser/Content/NNEDTIM_ColorAlbedoNormal_Default.uexp" 162
"../../../Engine/Plugins/NNE/NNEDenoiser/Content/NNEDTIM_ColorAlbedoNormal_Alpha.uasset" 163
"../../../Engine/Plugins/NNE/NNEDenoiser/Content/NNEDTIM_ColorAlbedoNormal_Alpha.uexp" 164
"../../../Engine/Plugins/NNE/NNEDenoiser/Content/NNEDOM_Output_Default.uasset" 165
"../../../Engine/Plugins/NNE/NNEDenoiser/Content/NNEDOM_Output_Default.uexp" 166
"../../../Engine/Plugins/NNE/NNEDenoiser/Content/NNEDOM_Output_Alpha.uasset" 167
"../../../Engine/Plugins/NNE/NNEDenoiser/Content/NNEDOM_Output_Alpha.uexp" 168
"../../../Engine/Plugins/NNE/NNEDenoiser/Content/NNEDIM_HighQuality_Default.uasset" 169
"../../../Engine/Plugins/NNE/NNEDenoiser/Content/NNEDIM_HighQuality_Default.uexp" 170
"../../../Engine/Plugins/NNE/NNEDenoiser/Content/NNEDIM_HighQuality_Alpha.uasset" 171
"../../../Engine/Plugins/NNE/NNEDenoiser/Content/NNEDIM_HighQuality_Alpha.uexp" 172
"../../../Engine/Plugins/NNE/NNEDenoiser/Content/NNEDIM_ColorAlbedoNormal_Default.uasset" 173
"../../../Engine/Plugins/NNE/NNEDenoiser/Content/NNEDIM_ColorAlbedoNormal_Default.uexp" 174
"../../../Engine/Plugins/NNE/NNEDenoiser/Content/NNEDIM_ColorAlbedoNormal_Alpha.uasset" 175
"../../../Engine/Plugins/NNE/NNEDenoiser/Content/NNEDIM_ColorAlbedoNormal_Alpha.uexp" 176
"../../../Engine/Content/EngineMaterials/T_Default_Material_Grid_M.uasset" 177
"../../../Engine/Content/EngineMaterials/T_Default_Material_Grid_M.ubulk" 178
"../../../Engine/Content/EngineMaterials/T_Default_Material_Grid_M.uexp" 179
"../../../Engine/Content/EngineMaterials/T_Default_Material_Grid_N.uasset" 180
"../../../Engine/Content/EngineMaterials/T_Default_Material_Grid_N.ubulk" 181
"../../../Engine/Content/EngineMaterials/T_Default_Material_Grid_N.uexp" 182
"../../../Engine/Content/Functions/Engine_MaterialFunctions01/Opacity/CameraDepthFade.uasset" 183
"../../../Engine/Content/Functions/Engine_MaterialFunctions01/Opacity/CameraDepthFade.uexp" 184
"../../../Engine/Content/EngineMaterials/WorldGridMaterial.uasset" 185
"../../../Engine/Content/EngineMaterials/WorldGridMaterial.uexp" 186
"../../../Engine/Plugins/Media/MediaPlate/Content/SM_MediaPlateScreen.uasset" 187
"../../../Engine/Plugins/Media/MediaPlate/Content/SM_MediaPlateScreen.ubulk" 188
"../../../Engine/Plugins/Media/MediaPlate/Content/SM_MediaPlateScreen.uexp" 189
"../../../Engine/Plugins/Interchange/Assets/Content/gltf/Textures/T_White_srgb.uasset" 190
"../../../Engine/Plugins/Interchange/Assets/Content/gltf/Textures/T_White_srgb.uexp" 191
"../../../Engine/Plugins/Interchange/Assets/Content/gltf/MaterialFunctions/MF_BaseColor.uasset" 192
"../../../Engine/Plugins/Interchange/Assets/Content/gltf/MaterialFunctions/MF_BaseColor.uexp" 193
"../../../Engine/Plugins/Interchange/Assets/Content/gltf/MaterialFunctions/MF_RotateV2.uasset" 194
"../../../Engine/Plugins/Interchange/Assets/Content/gltf/MaterialFunctions/MF_RotateV2.uexp" 195
"../../../Engine/Plugins/Interchange/Assets/Content/gltf/MaterialFunctions/MF_TransformUVs.uasset" 196
"../../../Engine/Plugins/Interchange/Assets/Content/gltf/MaterialFunctions/MF_TransformUVs.uexp" 197
"../../../Engine/Plugins/Interchange/Assets/Content/gltf/MaterialBodies/MF_Unlit_Body.uasset" 198
"../../../Engine/Plugins/Interchange/Assets/Content/gltf/MaterialBodies/MF_Unlit_Body.uexp" 199
"../../../Engine/Plugins/Interchange/Assets/Content/gltf/M_Unlit.uasset" 200
"../../../Engine/Plugins/Interchange/Assets/Content/gltf/M_Unlit.uexp" 201
"../../../Engine/Plugins/Interchange/Assets/Content/gltf/MaterialInstances/MI_Unlit_Opaque_DS.uasset" 202
"../../../Engine/Plugins/Interchange/Assets/Content/gltf/MaterialInstances/MI_Unlit_Opaque_DS.uexp" 203
"../../../Engine/Plugins/Interchange/Assets/Content/gltf/MaterialInstances/MI_Unlit_Opaque.uasset" 204
"../../../Engine/Plugins/Interchange/Assets/Content/gltf/MaterialInstances/MI_Unlit_Opaque.uexp" 205
"../../../Engine/Plugins/Interchange/Assets/Content/gltf/MaterialInstances/MI_Unlit_Mask_DS.uasset" 206
"../../../Engine/Plugins/Interchange/Assets/Content/gltf/MaterialInstances/MI_Unlit_Mask_DS.uexp" 207
"../../../Engine/Plugins/Interchange/Assets/Content/gltf/MaterialInstances/MI_Unlit_Mask.uasset" 208
"../../../Engine/Plugins/Interchange/Assets/Content/gltf/MaterialInstances/MI_Unlit_Mask.uexp" 209
"../../../Engine/Plugins/Interchange/Assets/Content/gltf/MaterialInstances/MI_Unlit_Blend_DS.uasset" 210
"../../../Engine/Plugins/Interchange/Assets/Content/gltf/MaterialInstances/MI_Unlit_Blend_DS.uexp" 211
"../../../Engine/Plugins/Interchange/Assets/Content/gltf/MaterialInstances/MI_Unlit_Blend.uasset" 212
"../../../Engine/Plugins/Interchange/Assets/Content/gltf/MaterialInstances/MI_Unlit_Blend.uexp" 213
"../../../Engine/Content/Functions/Engine_MaterialFunctions02/Utility/BreakOutFloat3Components.uasset" 214
"../../../Engine/Content/Functions/Engine_MaterialFunctions02/Utility/BreakOutFloat3Components.uexp" 215
"../../../Engine/Content/Functions/Engine_MaterialFunctions02/Math/Transform3x3Matrix.uasset" 216
"../../../Engine/Content/Functions/Engine_MaterialFunctions02/Math/Transform3x3Matrix.uexp" 217
"../../../Engine/Content/Functions/Engine_MaterialFunctions02/Utility/CameraDirectionVector.uasset" 218
"../../../Engine/Content/Functions/Engine_MaterialFunctions02/Utility/CameraDirectionVector.uexp" 219
"../../../Engine/Plugins/Interchange/Assets/Content/Utilities/New_LUT.uasset" 220
"../../../Engine/Plugins/Interchange/Assets/Content/Utilities/New_LUT.uexp" 221
"../../../Engine/Content/EngineMaterials/Good64x64TilingNoiseHighFreq.uasset" 222
"../../../Engine/Content/EngineMaterials/Good64x64TilingNoiseHighFreq.uexp" 223
"../../../Engine/Content/Functions/Engine_MaterialFunctions02/Texturing/ScreenAlignedPixelToPixelUVs.uasset" 224
"../../../Engine/Content/Functions/Engine_MaterialFunctions02/Texturing/ScreenAlignedPixelToPixelUVs.uexp" 225
"../../../Engine/Plugins/Interchange/Assets/Content/gltf/MaterialFunctions/MF_Temporal_Blur.uasset" 226
"../../../Engine/Plugins/Interchange/Assets/Content/gltf/MaterialFunctions/MF_Temporal_Blur.uexp" 227
"../../../Engine/Plugins/Interchange/Assets/Content/gltf/MaterialFunctions/MF_Specular.uasset" 228
"../../../Engine/Plugins/Interchange/Assets/Content/gltf/MaterialFunctions/MF_Specular.uexp" 229
"../../../Engine/Plugins/Interchange/Assets/Content/gltf/Textures/T_Anisotropy_Direction_Linear.uasset" 230
"../../../Engine/Plugins/Interchange/Assets/Content/gltf/Textures/T_Anisotropy_Direction_Linear.uexp" 231
"../../../Engine/Plugins/Interchange/Assets/Content/gltf/MaterialFunctions/MF_SpecularAnisotropy.uasset" 232
"../../../Engine/Plugins/Interchange/Assets/Content/gltf/MaterialFunctions/MF_SpecularAnisotropy.uexp" 233
"../../../Engine/Plugins/Interchange/Assets/Content/gltf/Textures/T_White_Linear.uasset" 234
"../../../Engine/Plugins/Interchange/Assets/Content/gltf/Textures/T_White_Linear.uexp" 235
"../../../Engine/Plugins/Interchange/Assets/Content/gltf/MaterialFunctions/MF_MetallicRoughness.uasset" 236
"../../../Engine/Plugins/Interchange/Assets/Content/gltf/MaterialFunctions/MF_MetallicRoughness.uexp" 237
"../../../Engine/Plugins/Interchange/Assets/Content/gltf/Textures/T_Generic_N.uasset" 238
"../../../Engine/Plugins/Interchange/Assets/Content/gltf/Textures/T_Generic_N.uexp" 239
"../../../Engine/Plugins/Interchange/Assets/Content/gltf/MaterialFunctions/MF_ScaleNormal.uasset" 240
"../../../Engine/Plugins/Interchange/Assets/Content/gltf/MaterialFunctions/MF_ScaleNormal.uexp" 241
"../../../Engine/Plugins/Interchange/Assets/Content/gltf/MaterialFunctions/MF_Fresnel_DS.uasset" 242
"../../../Engine/Plugins/Interchange/Assets/Content/gltf/MaterialFunctions/MF_Fresnel_DS.uexp" 243
"../../../Engine/Content/Functions/Engine_MaterialFunctions03/Math/RemapValueRange.uasset" 244
"../../../Engine/Content/Functions/Engine_MaterialFunctions03/Math/RemapValueRange.uexp" 245
"../../../Engine/Plugins/Interchange/Assets/Content/Functions/MF_Iridescence.uasset" 246
"../../../Engine/Plugins/Interchange/Assets/Content/Functions/MF_Iridescence.uexp" 247
"../../../Engine/Plugins/Interchange/Assets/Content/gltf/MaterialFunctions/MF_Iridescence.uasset" 248
"../../../Engine/Plugins/Interchange/Assets/Content/gltf/MaterialFunctions/MF_Iridescence.uexp" 249
"../../../Engine/Plugins/Interchange/Assets/Content/gltf/MaterialFunctions/MF_Occlusion.uasset" 250
"../../../Engine/Plugins/Interchange/Assets/Content/gltf/MaterialFunctions/MF_Occlusion.uexp" 251
"../../../Engine/Plugins/Interchange/Assets/Content/gltf/MaterialFunctions/MF_IOR.uasset" 252
"../../../Engine/Plugins/Interchange/Assets/Content/gltf/MaterialFunctions/MF_IOR.uexp" 253
"../../../Engine/Plugins/Interchange/Assets/Content/gltf/MaterialFunctions/MF_Transmission.uasset" 254
"../../../Engine/Plugins/Interchange/Assets/Content/gltf/MaterialFunctions/MF_Transmission.uexp" 255
"../../../Engine/Plugins/Interchange/Assets/Content/gltf/MaterialFunctions/MF_RotateNormals_TS.uasset" 256
"../../../Engine/Plugins/Interchange/Assets/Content/gltf/MaterialFunctions/MF_RotateNormals_TS.uexp" 257
"../../../Engine/Plugins/Interchange/Assets/Content/gltf/MaterialFunctions/MF_Normals.uasset" 258
"../../../Engine/Plugins/Interchange/Assets/Content/gltf/MaterialFunctions/MF_Normals.uexp" 259
"../../../Engine/Plugins/Interchange/Assets/Content/gltf/MaterialBodies/MF_Transmission_Body.uasset" 260
"../../../Engine/Plugins/Interchange/Assets/Content/gltf/MaterialBodies/MF_Transmission_Body.uexp" 261
"../../../Engine/Plugins/Interchange/Assets/Content/gltf/M_Transmission.uasset" 262
"../../../Engine/Plugins/Interchange/Assets/Content/gltf/M_Transmission.uexp" 263
"../../../Engine/Plugins/Interchange/Assets/Content/gltf/MaterialInstances/MI_Transmission_DS.uasset" 264
"../../../Engine/Plugins/Interchange/Assets/Content/gltf/MaterialInstances/MI_Transmission_DS.uexp" 265
"../../../Engine/Plugins/Interchange/Assets/Content/gltf/MaterialInstances/MI_Transmission.uasset" 266
"../../../Engine/Plugins/Interchange/Assets/Content/gltf/MaterialInstances/MI_Transmission.uexp" 267
"../../../Engine/Content/Functions/Engine_MaterialFunctions02/Math/AddComponents.uasset" 268
"../../../Engine/Content/Functions/Engine_MaterialFunctions02/Math/AddComponents.uexp" 269
"../../../Engine/Plugins/Interchange/Assets/Content/gltf/MaterialFunctions/MF_DiffuseSpecGloss.uasset" 270
"../../../Engine/Plugins/Interchange/Assets/Content/gltf/MaterialFunctions/MF_DiffuseSpecGloss.uexp" 271
"../../../Engine/Plugins/Interchange/Assets/Content/gltf/MaterialFunctions/MF_Emissive.uasset" 272
"../../../Engine/Plugins/Interchange/Assets/Content/gltf/MaterialFunctions/MF_Emissive.uexp" 273
"../../../Engine/Plugins/Interchange/Assets/Content/gltf/MaterialFunctions/MF_PerceivedBrightness.uasset" 274
"../../../Engine/Plugins/Interchange/Assets/Content/gltf/MaterialFunctions/MF_PerceivedBrightness.uexp" 275
"../../../Engine/Plugins/Interchange/Assets/Content/gltf/MaterialFunctions/MF_SpecGlossToMetalRoughness.uasset" 276
"../../../Engine/Plugins/Interchange/Assets/Content/gltf/MaterialFunctions/MF_SpecGlossToMetalRoughness.uexp" 277
"../../../Engine/Plugins/Interchange/Assets/Content/gltf/MaterialFunctions/MF_MaxComponentValue.uasset" 278
"../../../Engine/Plugins/Interchange/Assets/Content/gltf/MaterialFunctions/MF_MaxComponentValue.uexp" 279
"../../../Engine/Plugins/Interchange/Assets/Content/gltf/MaterialBodies/MF_SpecularGlossiness_Body.uasset" 280
"../../../Engine/Plugins/Interchange/Assets/Content/gltf/MaterialBodies/MF_SpecularGlossiness_Body.uexp" 281
"../../../Engine/Plugins/Interchange/Assets/Content/gltf/M_SpecularGlossiness.uasset" 282
"../../../Engine/Plugins/Interchange/Assets/Content/gltf/M_SpecularGlossiness.uexp" 283
"../../../Engine/Plugins/Interchange/Assets/Content/gltf/MaterialInstances/MI_SpecularGlossiness_Opaque_DS.uasset" 284
"../../../Engine/Plugins/Interchange/Assets/Content/gltf/MaterialInstances/MI_SpecularGlossiness_Opaque_DS.uexp" 285
"../../../Engine/Plugins/Interchange/Assets/Content/gltf/MaterialInstances/MI_SpecularGlossiness_Opaque.uasset" 286
"../../../Engine/Plugins/Interchange/Assets/Content/gltf/MaterialInstances/MI_SpecularGlossiness_Opaque.uexp" 287
"../../../Engine/Plugins/Interchange/Assets/Content/gltf/MaterialInstances/MI_SpecularGlossiness_Mask_DS.uasset" 288
"../../../Engine/Plugins/Interchange/Assets/Content/gltf/MaterialInstances/MI_SpecularGlossiness_Mask_DS.uexp" 289
"../../../Engine/Plugins/Interchange/Assets/Content/gltf/MaterialInstances/MI_SpecularGlossiness_Mask.uasset" 290
"../../../Engine/Plugins/Interchange/Assets/Content/gltf/MaterialInstances/MI_SpecularGlossiness_Mask.uexp" 291
"../../../Engine/Plugins/Interchange/Assets/Content/gltf/MaterialInstances/MI_SpecularGlossiness_Blend_DS.uasset" 292
"../../../Engine/Plugins/Interchange/Assets/Content/gltf/MaterialInstances/MI_SpecularGlossiness_Blend_DS.uexp" 293
"../../../Engine/Plugins/Interchange/Assets/Content/gltf/MaterialInstances/MI_SpecularGlossiness_Blend.uasset" 294
"../../../Engine/Plugins/Interchange/Assets/Content/gltf/MaterialInstances/MI_SpecularGlossiness_Blend.uexp" 295
"../../../Engine/Plugins/Interchange/Assets/Content/gltf/MaterialFunctions/MF_Sheen.uasset" 296
"../../../Engine/Plugins/Interchange/Assets/Content/gltf/MaterialFunctions/MF_Sheen.uexp" 297
"../../../Engine/Plugins/Interchange/Assets/Content/gltf/MaterialBodies/MF_Sheen_Body.uasset" 298
"../../../Engine/Plugins/Interchange/Assets/Content/gltf/MaterialBodies/MF_Sheen_Body.uexp" 299
"../../../Engine/Plugins/Interchange/Assets/Content/gltf/M_Sheen.uasset" 300
"../../../Engine/Plugins/Interchange/Assets/Content/gltf/M_Sheen.uexp" 301
"../../../Engine/Plugins/Interchange/Assets/Content/gltf/MaterialInstances/MI_Sheen_Opaque_DS.uasset" 302
"../../../Engine/Plugins/Interchange/Assets/Content/gltf/MaterialInstances/MI_Sheen_Opaque_DS.uexp" 303
"../../../Engine/Plugins/Interchange/Assets/Content/gltf/MaterialInstances/MI_Sheen_Opaque.uasset" 304
"../../../Engine/Plugins/Interchange/Assets/Content/gltf/MaterialInstances/MI_Sheen_Opaque.uexp" 305
"../../../Engine/Plugins/Interchange/Assets/Content/gltf/MaterialInstances/MI_Sheen_Mask_DS.uasset" 306
"../../../Engine/Plugins/Interchange/Assets/Content/gltf/MaterialInstances/MI_Sheen_Mask_DS.uexp" 307
"../../../Engine/Plugins/Interchange/Assets/Content/gltf/MaterialInstances/MI_Sheen_Mask.uasset" 308
"../../../Engine/Plugins/Interchange/Assets/Content/gltf/MaterialInstances/MI_Sheen_Mask.uexp" 309
"../../../Engine/Plugins/Interchange/Assets/Content/gltf/MaterialInstances/MI_Sheen_Blend_DS.uasset" 310
"../../../Engine/Plugins/Interchange/Assets/Content/gltf/MaterialInstances/MI_Sheen_Blend_DS.uexp" 311
"../../../Engine/Plugins/Interchange/Assets/Content/gltf/MaterialInstances/MI_Sheen_Blend.uasset" 312
"../../../Engine/Plugins/Interchange/Assets/Content/gltf/MaterialInstances/MI_Sheen_Blend.uexp" 313
"../../../Engine/Plugins/Interchange/Assets/Content/gltf/MaterialBodies/MF_Default_Body.uasset" 314
"../../../Engine/Plugins/Interchange/Assets/Content/gltf/MaterialBodies/MF_Default_Body.uexp" 315
"../../../Engine/Plugins/Interchange/Assets/Content/gltf/M_Default.uasset" 316
"../../../Engine/Plugins/Interchange/Assets/Content/gltf/M_Default.uexp" 317
"../../../Engine/Plugins/Interchange/Assets/Content/gltf/MaterialInstances/MI_Default_Opaque_DS.uasset" 318
"../../../Engine/Plugins/Interchange/Assets/Content/gltf/MaterialInstances/MI_Default_Opaque_DS.uexp" 319
"../../../Engine/Plugins/Interchange/Assets/Content/gltf/MaterialInstances/MI_Default_Opaque.uasset" 320
"../../../Engine/Plugins/Interchange/Assets/Content/gltf/MaterialInstances/MI_Default_Opaque.uexp" 321
"../../../Engine/Plugins/Interchange/Assets/Content/gltf/MaterialInstances/MI_Default_Mask_DS.uasset" 322
"../../../Engine/Plugins/Interchange/Assets/Content/gltf/MaterialInstances/MI_Default_Mask_DS.uexp" 323
"../../../Engine/Plugins/Interchange/Assets/Content/gltf/MaterialInstances/MI_Default_Mask.uasset" 324
"../../../Engine/Plugins/Interchange/Assets/Content/gltf/MaterialInstances/MI_Default_Mask.uexp" 325
"../../../Engine/Plugins/Interchange/Assets/Content/gltf/MaterialInstances/MI_Default_Blend_DS.uasset" 326
"../../../Engine/Plugins/Interchange/Assets/Content/gltf/MaterialInstances/MI_Default_Blend_DS.uexp" 327
"../../../Engine/Plugins/Interchange/Assets/Content/gltf/MaterialInstances/MI_Default_Blend.uasset" 328
"../../../Engine/Plugins/Interchange/Assets/Content/gltf/MaterialInstances/MI_Default_Blend.uexp" 329
"../../../Engine/Content/Functions/Engine_MaterialFunctions01/Texturing/FlattenNormal.uasset" 330
"../../../Engine/Content/Functions/Engine_MaterialFunctions01/Texturing/FlattenNormal.uexp" 331
"../../../Engine/Plugins/Interchange/Assets/Content/gltf/MaterialFunctions/MF_Clearcoat.uasset" 332
"../../../Engine/Plugins/Interchange/Assets/Content/gltf/MaterialFunctions/MF_Clearcoat.uexp" 333
"../../../Engine/Plugins/Interchange/Assets/Content/gltf/MaterialBodies/MF_ClearCoat_Body.uasset" 334
"../../../Engine/Plugins/Interchange/Assets/Content/gltf/MaterialBodies/MF_ClearCoat_Body.uexp" 335
"../../../Engine/Plugins/Interchange/Assets/Content/gltf/M_ClearCoat.uasset" 336
"../../../Engine/Plugins/Interchange/Assets/Content/gltf/M_ClearCoat.uexp" 337
"../../../Engine/Plugins/Interchange/Assets/Content/gltf/MaterialInstances/MI_ClearCoat_Opaque_DS.uasset" 338
"../../../Engine/Plugins/Interchange/Assets/Content/gltf/MaterialInstances/MI_ClearCoat_Opaque_DS.uexp" 339
"../../../Engine/Plugins/Interchange/Assets/Content/gltf/MaterialInstances/MI_ClearCoat_Opaque.uasset" 340
"../../../Engine/Plugins/Interchange/Assets/Content/gltf/MaterialInstances/MI_ClearCoat_Opaque.uexp" 341
"../../../Engine/Plugins/Interchange/Assets/Content/gltf/MaterialInstances/MI_ClearCoat_Mask_DS.uasset" 342
"../../../Engine/Plugins/Interchange/Assets/Content/gltf/MaterialInstances/MI_ClearCoat_Mask_DS.uexp" 343
"../../../Engine/Plugins/Interchange/Assets/Content/gltf/MaterialInstances/MI_ClearCoat_Mask.uasset" 344
"../../../Engine/Plugins/Interchange/Assets/Content/gltf/MaterialInstances/MI_ClearCoat_Mask.uexp" 345
"../../../Engine/Plugins/Interchange/Assets/Content/gltf/MaterialInstances/MI_ClearCoat_Blend_DS.uasset" 346
"../../../Engine/Plugins/Interchange/Assets/Content/gltf/MaterialInstances/MI_ClearCoat_Blend_DS.uexp" 347
"../../../Engine/Plugins/Interchange/Assets/Content/gltf/MaterialInstances/MI_ClearCoat_Blend.uasset" 348
"../../../Engine/Plugins/Interchange/Assets/Content/gltf/MaterialInstances/MI_ClearCoat_Blend.uexp" 349
"../../../Engine/Plugins/Interchange/Assets/Content/Functions/MX_UsdPreviewSurface.uasset" 350
"../../../Engine/Plugins/Interchange/Assets/Content/Functions/MX_UsdPreviewSurface.uexp" 351
"../../../Engine/Plugins/Interchange/Assets/Content/Functions/MX_UniformEDF.uasset" 352
"../../../Engine/Plugins/Interchange/Assets/Content/Functions/MX_UniformEDF.uexp" 353
"../../../Engine/Plugins/Interchange/Assets/Content/Functions/MX_TranslucentBSDF.uasset" 354
"../../../Engine/Plugins/Interchange/Assets/Content/Functions/MX_TranslucentBSDF.uexp" 355
"../../../Engine/Plugins/Interchange/Assets/Content/Functions/MX_ThinFilmBSDF.uasset" 356
"../../../Engine/Plugins/Interchange/Assets/Content/Functions/MX_ThinFilmBSDF.uexp" 357
"../../../Engine/Plugins/Interchange/Assets/Content/Functions/MX_SurfaceUnlit.uasset" 358
"../../../Engine/Plugins/Interchange/Assets/Content/Functions/MX_SurfaceUnlit.uexp" 359
"../../../Engine/Plugins/Interchange/Assets/Content/Functions/MX_Surface.uasset" 360
"../../../Engine/Plugins/Interchange/Assets/Content/Functions/MX_Surface.uexp" 361
"../../../Engine/Plugins/Interchange/Assets/Content/Functions/MX_SubsurfaceBSDF.uasset" 362
"../../../Engine/Plugins/Interchange/Assets/Content/Functions/MX_SubsurfaceBSDF.uexp" 363
"../../../Engine/Plugins/Interchange/Assets/Content/Functions/MX_SheenBSDF.uasset" 364
"../../../Engine/Plugins/Interchange/Assets/Content/Functions/MX_SheenBSDF.uexp" 365
"../../../Engine/Plugins/Interchange/Assets/Content/Functions/MX_OrenNayarBSDF.uasset" 366
"../../../Engine/Plugins/Interchange/Assets/Content/Functions/MX_OrenNayarBSDF.uexp" 367
"../../../Engine/Plugins/Interchange/Assets/Content/Functions/MX_StandardSurface.uasset" 368
"../../../Engine/Plugins/Interchange/Assets/Content/Functions/MX_StandardSurface.uexp" 369
"../../../Engine/Plugins/Interchange/Assets/Content/Functions/MX_TransmissionSurface.uasset" 370
"../../../Engine/Plugins/Interchange/Assets/Content/Functions/MX_TransmissionSurface.uexp" 371
"../../../Engine/Plugins/Interchange/Assets/Content/Functions/MX_OpenPBR_Translucent.uasset" 372
"../../../Engine/Plugins/Interchange/Assets/Content/Functions/MX_OpenPBR_Translucent.uexp" 373
"../../../Engine/Plugins/Interchange/Assets/Content/Functions/MX_OpenPBR_Opaque.uasset" 374
"../../../Engine/Plugins/Interchange/Assets/Content/Functions/MX_OpenPBR_Opaque.uexp" 375
"../../../Engine/Plugins/Interchange/Assets/Content/Functions/MX_MeasuredEDF.uasset" 376
"../../../Engine/Plugins/Interchange/Assets/Content/Functions/MX_MeasuredEDF.uexp" 377
"../../../Engine/Plugins/Interchange/Assets/Content/Functions/MX_GeneralizedSchlickBSDF.uasset" 378
"../../../Engine/Plugins/Interchange/Assets/Content/Functions/MX_GeneralizedSchlickBSDF.uexp" 379
"../../../Engine/Plugins/Interchange/Assets/Content/Functions/MX_DielectricBSDF.uasset" 380
"../../../Engine/Plugins/Interchange/Assets/Content/Functions/MX_DielectricBSDF.uexp" 381
"../../../Engine/Plugins/Interchange/Assets/Content/Functions/MX_ConicalEDF.uasset" 382
"../../../Engine/Plugins/Interchange/Assets/Content/Functions/MX_ConicalEDF.uexp" 383
"../../../Engine/Plugins/Interchange/Assets/Content/Functions/MX_ConductorBSDF.uasset" 384
"../../../Engine/Plugins/Interchange/Assets/Content/Functions/MX_ConductorBSDF.uexp" 385
"../../../Engine/Plugins/Interchange/Assets/Content/Functions/MX_BurleyDiffuseBSDF.uasset" 386
"../../../Engine/Plugins/Interchange/Assets/Content/Functions/MX_BurleyDiffuseBSDF.uexp" 387
"../../../Engine/Plugins/Interchange/Assets/Content/Functions/MX_AnisotropicVDF.uasset" 388
"../../../Engine/Plugins/Interchange/Assets/Content/Functions/MX_AnisotropicVDF.uexp" 389
"../../../Engine/Plugins/Interchange/Assets/Content/Functions/MX_AbsorptionVDF.uasset" 390
"../../../Engine/Plugins/Interchange/Assets/Content/Functions/MX_AbsorptionVDF.uexp" 391
"../../../Engine/Plugins/Experimental/Water/Content/Meshes/RiverMesh.uasset" 392
"../../../Engine/Plugins/Experimental/Water/Content/Meshes/RiverMesh.ubulk" 393
"../../../Engine/Plugins/Experimental/Water/Content/Meshes/RiverMesh.uexp" 394
"../../../Engine/Plugins/Experimental/Water/Content/Meshes/LakeMesh.uasset" 395
"../../../Engine/Plugins/Experimental/Water/Content/Meshes/LakeMesh.ubulk" 396
"../../../Engine/Plugins/Experimental/Water/Content/Meshes/LakeMesh.uexp" 397
"../../../Engine/Plugins/Experimental/Water/Content/Materials/WaterInfo/DrawWaterInfo.uasset" 398
"../../../Engine/Plugins/Experimental/Water/Content/Materials/WaterInfo/DrawWaterInfo.uexp" 399
"../../../Engine/Plugins/Experimental/Water/Content/Icons/WaterZoneActorSprite.uasset" 400
"../../../Engine/Plugins/Experimental/Water/Content/Icons/WaterZoneActorSprite.ubulk" 401
"../../../Engine/Plugins/Experimental/Water/Content/Icons/WaterZoneActorSprite.uexp" 402
"../../../Engine/Plugins/Experimental/Water/Content/Icons/WaterSprite.uasset" 403
"../../../Engine/Plugins/Experimental/Water/Content/Icons/WaterSprite.uexp" 404
"../../../Engine/Plugins/Experimental/Water/Content/Icons/WaterLandscapeBrushSprite.uasset" 405
"../../../Engine/Plugins/Experimental/Water/Content/Icons/WaterLandscapeBrushSprite.ubulk" 406
"../../../Engine/Plugins/Experimental/Water/Content/Icons/WaterLandscapeBrushSprite.uexp" 407
"../../../Engine/Plugins/Experimental/Water/Content/Icons/WaterErrorSprite.uasset" 408
"../../../Engine/Plugins/Experimental/Water/Content/Icons/WaterErrorSprite.ubulk" 409
"../../../Engine/Plugins/Experimental/Water/Content/Icons/WaterErrorSprite.uexp" 410
"../../../Engine/Plugins/Experimental/Water/Content/Icons/WaterBodyIslandSprite.uasset" 411
"../../../Engine/Plugins/Experimental/Water/Content/Icons/WaterBodyIslandSprite.uexp" 412
"../../../Engine/Plugins/Experimental/Water/Content/Icons/WaterBodyExclusionVolumeSprite.uasset" 413
"../../../Engine/Plugins/Experimental/Water/Content/Icons/WaterBodyExclusionVolumeSprite.uexp" 414
"../../../Engine/Plugins/Experimental/Water/Content/Curves/FloatCurve_WaterBodyIsland.uasset" 415
"../../../Engine/Plugins/Experimental/Water/Content/Curves/FloatCurve_WaterBodyIsland.uexp" 416
"../../../Engine/Plugins/Experimental/Water/Content/Curves/FloatCurve.uasset" 417
"../../../Engine/Plugins/Experimental/Water/Content/Curves/FloatCurve.uexp" 418
"../../../Engine/Plugins/Experimental/Landmass/Content/Landscape/Meshes/S_SpritePlane.uasset" 419
"../../../Engine/Plugins/Experimental/Landmass/Content/Landscape/Meshes/S_SpritePlane.ubulk" 420
"../../../Engine/Plugins/Experimental/Landmass/Content/Landscape/Meshes/S_SpritePlane.uexp" 421
"../../../Engine/Plugins/Editor/SpeedTreeImporter/Content/SpeedTree9/game_wind_noise.uasset" 422
"../../../Engine/Plugins/Editor/SpeedTreeImporter/Content/SpeedTree9/game_wind_noise.ubulk" 423
"../../../Engine/Plugins/Editor/SpeedTreeImporter/Content/SpeedTree9/game_wind_noise.uexp" 424
"../../../Engine/Plugins/Editor/SpeedTreeImporter/Content/SpeedTree9/UnpackDirection.uasset" 425
"../../../Engine/Plugins/Editor/SpeedTreeImporter/Content/SpeedTree9/UnpackDirection.uexp" 426
"../../../Engine/Content/Functions/Engine_MaterialFunctions02/ObjectLocalBounds.uasset" 427
"../../../Engine/Content/Functions/Engine_MaterialFunctions02/ObjectLocalBounds.uexp" 428
"../../../Engine/Content/Functions/Engine_MaterialFunctions02/UVs/BoundingBoxBased_0-1_UVW.uasset" 429
"../../../Engine/Content/Functions/Engine_MaterialFunctions02/UVs/BoundingBoxBased_0-1_UVW.uexp" 430
"../../../Engine/Plugins/Editor/SpeedTreeImporter/Content/SpeedTree9/UnpackInteger3.uasset" 431
"../../../Engine/Plugins/Editor/SpeedTreeImporter/Content/SpeedTree9/UnpackInteger3.uexp" 432
"../../../Engine/Plugins/Editor/SpeedTreeImporter/Content/SpeedTree9/SpeedTreeCameraFacing.uasset" 433
"../../../Engine/Plugins/Editor/SpeedTreeImporter/Content/SpeedTree9/SpeedTreeCameraFacing.uexp" 434
"../../../Engine/Content/Functions/Engine_MaterialFunctions02/WorldPositionOffset/ObjectScale.uasset" 435
"../../../Engine/Content/Functions/Engine_MaterialFunctions02/WorldPositionOffset/ObjectScale.uexp" 436
"../../../Engine/Content/Functions/Engine_MaterialFunctions02/SafeNormalize.uasset" 437
"../../../Engine/Content/Functions/Engine_MaterialFunctions02/SafeNormalize.uexp" 438
"../../../Engine/Plugins/Editor/SpeedTreeImporter/Content/SpeedTree9/SpeedTreeWindMotion.uasset" 439
"../../../Engine/Plugins/Editor/SpeedTreeImporter/Content/SpeedTree9/SpeedTreeWindMotion.uexp" 440
"../../../Engine/Plugins/Editor/SpeedTreeImporter/Content/SpeedTree9/SpeedTreeBranchMotion.uasset" 441
"../../../Engine/Plugins/Editor/SpeedTreeImporter/Content/SpeedTree9/SpeedTreeBranchMotion.uexp" 442
"../../../Engine/Plugins/Editor/SpeedTreeImporter/Content/SpeedTree9/SpeedTreeWind.uasset" 443
"../../../Engine/Plugins/Editor/SpeedTreeImporter/Content/SpeedTree9/SpeedTreeWind.uexp" 444
"../../../Engine/Plugins/Editor/SpeedTreeImporter/Content/SpeedTree9/EmptyNormal.uasset" 445
"../../../Engine/Plugins/Editor/SpeedTreeImporter/Content/SpeedTree9/EmptyNormal.uexp" 446
"../../../Engine/Plugins/Editor/SpeedTreeImporter/Content/SpeedTree9/Empty.uasset" 447
"../../../Engine/Plugins/Editor/SpeedTreeImporter/Content/SpeedTree9/Empty.uexp" 448
"../../../Engine/Plugins/Editor/SpeedTreeImporter/Content/SpeedTree9/SpeedTreeMaster.uasset" 449
"../../../Engine/Plugins/Editor/SpeedTreeImporter/Content/SpeedTree9/SpeedTreeMaster.uexp" 450
"../../../Engine/Plugins/Editor/SpeedTreeImporter/Content/SpeedTree9/SpeedTreeBillboard.uasset" 451
"../../../Engine/Plugins/Editor/SpeedTreeImporter/Content/SpeedTree9/SpeedTreeBillboard.uexp" 452
"../../../Engine/Plugins/Editor/SpeedTreeImporter/Content/SpeedTree9/SpeedTreeBillboardMaster.uasset" 453
"../../../Engine/Plugins/Editor/SpeedTreeImporter/Content/SpeedTree9/SpeedTreeBillboardMaster.uexp" 454
"../../../Engine/Content/Functions/Engine_MaterialFunctions02/WorldPositionOffset/CameraOffset.uasset" 455
"../../../Engine/Content/Functions/Engine_MaterialFunctions02/WorldPositionOffset/CameraOffset.uexp" 456
"../../../Engine/Plugins/Animation/ControlRig/Content/M_Manip.uasset" 457
"../../../Engine/Plugins/Animation/ControlRig/Content/M_Manip.uexp" 458
"../../../Engine/Plugins/Animation/ControlRig/Content/Controls/ControlRig_Wedge_solid.uasset" 459
"../../../Engine/Plugins/Animation/ControlRig/Content/Controls/ControlRig_Wedge_solid.ubulk" 460
"../../../Engine/Plugins/Animation/ControlRig/Content/Controls/ControlRig_Wedge_solid.uexp" 461
"../../../Engine/Plugins/Animation/ControlRig/Content/Controls/ControlRig_Wedge_3mm.uasset" 462
"../../../Engine/Plugins/Animation/ControlRig/Content/Controls/ControlRig_Wedge_3mm.ubulk" 463
"../../../Engine/Plugins/Animation/ControlRig/Content/Controls/ControlRig_Wedge_3mm.uexp" 464
"../../../Engine/Plugins/Animation/ControlRig/Content/Controls/ControlRig_Wedge_1mm.uasset" 465
"../../../Engine/Plugins/Animation/ControlRig/Content/Controls/ControlRig_Wedge_1mm.ubulk" 466
"../../../Engine/Plugins/Animation/ControlRig/Content/Controls/ControlRig_Wedge_1mm.uexp" 467
"../../../Engine/Plugins/Animation/ControlRig/Content/Controls/ControlRig_Triangle_solid.uasset" 468
"../../../Engine/Plugins/Animation/ControlRig/Content/Controls/ControlRig_Triangle_solid.ubulk" 469
"../../../Engine/Plugins/Animation/ControlRig/Content/Controls/ControlRig_Triangle_solid.uexp" 470
"../../../Engine/Plugins/Animation/ControlRig/Content/Controls/ControlRig_Triangle_3mm.uasset" 471
"../../../Engine/Plugins/Animation/ControlRig/Content/Controls/ControlRig_Triangle_3mm.ubulk" 472
"../../../Engine/Plugins/Animation/ControlRig/Content/Controls/ControlRig_Triangle_3mm.uexp" 473
"../../../Engine/Plugins/Animation/ControlRig/Content/Controls/ControlRig_Triangle_1mm.uasset" 474
"../../../Engine/Plugins/Animation/ControlRig/Content/Controls/ControlRig_Triangle_1mm.ubulk" 475
"../../../Engine/Plugins/Animation/ControlRig/Content/Controls/ControlRig_Triangle_1mm.uexp" 476
"../../../Engine/Plugins/Animation/ControlRig/Content/Controls/ControlRig_Star4_solid.uasset" 477
"../../../Engine/Plugins/Animation/ControlRig/Content/Controls/ControlRig_Star4_solid.ubulk" 478
"../../../Engine/Plugins/Animation/ControlRig/Content/Controls/ControlRig_Star4_solid.uexp" 479
"../../../Engine/Plugins/Animation/ControlRig/Content/Controls/ControlRig_Star4_3mm.uasset" 480
"../../../Engine/Plugins/Animation/ControlRig/Content/Controls/ControlRig_Star4_3mm.ubulk" 481
"../../../Engine/Plugins/Animation/ControlRig/Content/Controls/ControlRig_Star4_3mm.uexp" 482
"../../../Engine/Plugins/Animation/ControlRig/Content/Controls/ControlRig_Star4_1mm.uasset" 483
"../../../Engine/Plugins/Animation/ControlRig/Content/Controls/ControlRig_Star4_1mm.ubulk" 484
"../../../Engine/Plugins/Animation/ControlRig/Content/Controls/ControlRig_Star4_1mm.uexp" 485
"../../../Engine/Plugins/Animation/ControlRig/Content/Controls/ControlRig_Square_solid.uasset" 486
"../../../Engine/Plugins/Animation/ControlRig/Content/Controls/ControlRig_Square_solid.ubulk" 487
"../../../Engine/Plugins/Animation/ControlRig/Content/Controls/ControlRig_Square_solid.uexp" 488
"../../../Engine/Plugins/Animation/ControlRig/Content/Controls/ControlRig_Square_3mm.uasset" 489
"../../../Engine/Plugins/Animation/ControlRig/Content/Controls/ControlRig_Square_3mm.ubulk" 490
"../../../Engine/Plugins/Animation/ControlRig/Content/Controls/ControlRig_Square_3mm.uexp" 491
"../../../Engine/Plugins/Animation/ControlRig/Content/Controls/ControlRig_Square_1mm.uasset" 492
"../../../Engine/Plugins/Animation/ControlRig/Content/Controls/ControlRig_Square_1mm.ubulk" 493
"../../../Engine/Plugins/Animation/ControlRig/Content/Controls/ControlRig_Square_1mm.uexp" 494
"../../../Engine/Plugins/Animation/ControlRig/Content/Controls/ControlRig_Sphere_solid.uasset" 495
"../../../Engine/Plugins/Animation/ControlRig/Content/Controls/ControlRig_Sphere_solid.ubulk" 496
"../../../Engine/Plugins/Animation/ControlRig/Content/Controls/ControlRig_Sphere_solid.uexp" 497
"../../../Engine/Plugins/Animation/ControlRig/Content/Controls/ControlRig_Sphere_3mm.uasset" 498
"../../../Engine/Plugins/Animation/ControlRig/Content/Controls/ControlRig_Sphere_3mm.ubulk" 499
"../../../Engine/Plugins/Animation/ControlRig/Content/Controls/ControlRig_Sphere_3mm.uexp" 500
"../../../Engine/Plugins/Animation/ControlRig/Content/Controls/ControlRig_Sphere_1mm.uasset" 501
"../../../Engine/Plugins/Animation/ControlRig/Content/Controls/ControlRig_Sphere_1mm.ubulk" 502
"../../../Engine/Plugins/Animation/ControlRig/Content/Controls/ControlRig_Sphere_1mm.uexp" 503
"../../../Engine/Plugins/Animation/ControlRig/Content/Controls/ControlRig_RoundedTriangle_solid.uasset" 504
"../../../Engine/Plugins/Animation/ControlRig/Content/Controls/ControlRig_RoundedTriangle_solid.ubulk" 505
"../../../Engine/Plugins/Animation/ControlRig/Content/Controls/ControlRig_RoundedTriangle_solid.uexp" 506
"../../../Engine/Plugins/Animation/ControlRig/Content/Controls/ControlRig_RoundedTriangle_3mm.uasset" 507
"../../../Engine/Plugins/Animation/ControlRig/Content/Controls/ControlRig_RoundedTriangle_3mm.ubulk" 508
"../../../Engine/Plugins/Animation/ControlRig/Content/Controls/ControlRig_RoundedTriangle_3mm.uexp" 509
"../../../Engine/Plugins/Animation/ControlRig/Content/Controls/ControlRig_RoundedTriangle_1mm.uasset" 510
"../../../Engine/Plugins/Animation/ControlRig/Content/Controls/ControlRig_RoundedTriangle_1mm.ubulk" 511
"../../../Engine/Plugins/Animation/ControlRig/Content/Controls/ControlRig_RoundedTriangle_1mm.uexp" 512
"../../../Engine/Plugins/Animation/ControlRig/Content/Controls/ControlRig_RoundedSquare_solid.uasset" 513
"../../../Engine/Plugins/Animation/ControlRig/Content/Controls/ControlRig_RoundedSquare_solid.ubulk" 514
"../../../Engine/Plugins/Animation/ControlRig/Content/Controls/ControlRig_RoundedSquare_solid.uexp" 515
"../../../Engine/Plugins/Animation/ControlRig/Content/Controls/ControlRig_RoundedSquare_3mm.uasset" 516
"../../../Engine/Plugins/Animation/ControlRig/Content/Controls/ControlRig_RoundedSquare_3mm.ubulk" 517
"../../../Engine/Plugins/Animation/ControlRig/Content/Controls/ControlRig_RoundedSquare_3mm.uexp" 518
"../../../Engine/Plugins/Animation/ControlRig/Content/Controls/ControlRig_RoundedSquare_1mm.uasset" 519
"../../../Engine/Plugins/Animation/ControlRig/Content/Controls/ControlRig_RoundedSquare_1mm.ubulk" 520
"../../../Engine/Plugins/Animation/ControlRig/Content/Controls/ControlRig_RoundedSquare_1mm.uexp" 521
"../../../Engine/Plugins/Animation/ControlRig/Content/Controls/ControlRig_QuarterCircle_solid.uasset" 522
"../../../Engine/Plugins/Animation/ControlRig/Content/Controls/ControlRig_QuarterCircle_solid.ubulk" 523
"../../../Engine/Plugins/Animation/ControlRig/Content/Controls/ControlRig_QuarterCircle_solid.uexp" 524
"../../../Engine/Plugins/Animation/ControlRig/Content/Controls/ControlRig_QuarterCircle_3mm.uasset" 525
"../../../Engine/Plugins/Animation/ControlRig/Content/Controls/ControlRig_QuarterCircle_3mm.ubulk" 526
"../../../Engine/Plugins/Animation/ControlRig/Content/Controls/ControlRig_QuarterCircle_3mm.uexp" 527
"../../../Engine/Plugins/Animation/ControlRig/Content/Controls/ControlRig_QuarterCircle_1mm.uasset" 528
"../../../Engine/Plugins/Animation/ControlRig/Content/Controls/ControlRig_QuarterCircle_1mm.ubulk" 529
"../../../Engine/Plugins/Animation/ControlRig/Content/Controls/ControlRig_QuarterCircle_1mm.uexp" 530
"../../../Engine/Plugins/Animation/ControlRig/Content/Controls/ControlRig_Pyramid_solid.uasset" 531
"../../../Engine/Plugins/Animation/ControlRig/Content/Controls/ControlRig_Pyramid_solid.ubulk" 532
"../../../Engine/Plugins/Animation/ControlRig/Content/Controls/ControlRig_Pyramid_solid.uexp" 533
"../../../Engine/Plugins/Animation/ControlRig/Content/Controls/ControlRig_Pyramid_3mm.uasset" 534
"../../../Engine/Plugins/Animation/ControlRig/Content/Controls/ControlRig_Pyramid_3mm.ubulk" 535
"../../../Engine/Plugins/Animation/ControlRig/Content/Controls/ControlRig_Pyramid_3mm.uexp" 536
"../../../Engine/Plugins/Animation/ControlRig/Content/Controls/ControlRig_Pyramid_1mm.uasset" 537
"../../../Engine/Plugins/Animation/ControlRig/Content/Controls/ControlRig_Pyramid_1mm.ubulk" 538
"../../../Engine/Plugins/Animation/ControlRig/Content/Controls/ControlRig_Pyramid_1mm.uexp" 539
"../../../Engine/Plugins/Animation/ControlRig/Content/Controls/ControlRig_Octagon_solid.uasset" 540
"../../../Engine/Plugins/Animation/ControlRig/Content/Controls/ControlRig_Octagon_solid.ubulk" 541
"../../../Engine/Plugins/Animation/ControlRig/Content/Controls/ControlRig_Octagon_solid.uexp" 542
"../../../Engine/Plugins/Animation/ControlRig/Content/Controls/ControlRig_Octagon_3mm.uasset" 543
"../../../Engine/Plugins/Animation/ControlRig/Content/Controls/ControlRig_Octagon_3mm.ubulk" 544
"../../../Engine/Plugins/Animation/ControlRig/Content/Controls/ControlRig_Octagon_3mm.uexp" 545
"../../../Engine/Plugins/Animation/ControlRig/Content/Controls/ControlRig_Octagon_1mm.uasset" 546
"../../../Engine/Plugins/Animation/ControlRig/Content/Controls/ControlRig_Octagon_1mm.ubulk" 547
"../../../Engine/Plugins/Animation/ControlRig/Content/Controls/ControlRig_Octagon_1mm.uexp" 548
"../../../Engine/Plugins/Animation/ControlRig/Content/Controls/ControlRig_Hexagon_solid.uasset" 549
"../../../Engine/Plugins/Animation/ControlRig/Content/Controls/ControlRig_Hexagon_solid.ubulk" 550
"../../../Engine/Plugins/Animation/ControlRig/Content/Controls/ControlRig_Hexagon_solid.uexp" 551
"../../../Engine/Plugins/Animation/ControlRig/Content/Controls/ControlRig_Hexagon_3mm.uasset" 552
"../../../Engine/Plugins/Animation/ControlRig/Content/Controls/ControlRig_Hexagon_3mm.ubulk" 553
"../../../Engine/Plugins/Animation/ControlRig/Content/Controls/ControlRig_Hexagon_3mm.uexp" 554
"../../../Engine/Plugins/Animation/ControlRig/Content/Controls/ControlRig_Hexagon_1mm.uasset" 555
"../../../Engine/Plugins/Animation/ControlRig/Content/Controls/ControlRig_Hexagon_1mm.ubulk" 556
"../../../Engine/Plugins/Animation/ControlRig/Content/Controls/ControlRig_Hexagon_1mm.uexp" 557
"../../../Engine/Plugins/Animation/ControlRig/Content/Controls/ControlRig_HalfCircle_solid.uasset" 558
"../../../Engine/Plugins/Animation/ControlRig/Content/Controls/ControlRig_HalfCircle_solid.ubulk" 559
"../../../Engine/Plugins/Animation/ControlRig/Content/Controls/ControlRig_HalfCircle_solid.uexp" 560
"../../../Engine/Plugins/Animation/ControlRig/Content/Controls/ControlRig_HalfCircle_3mm.uasset" 561
"../../../Engine/Plugins/Animation/ControlRig/Content/Controls/ControlRig_HalfCircle_3mm.ubulk" 562
"../../../Engine/Plugins/Animation/ControlRig/Content/Controls/ControlRig_HalfCircle_3mm.uexp" 563
"../../../Engine/Plugins/Animation/ControlRig/Content/Controls/ControlRig_HalfCircle_1mm.uasset" 564
"../../../Engine/Plugins/Animation/ControlRig/Content/Controls/ControlRig_HalfCircle_1mm.ubulk" 565
"../../../Engine/Plugins/Animation/ControlRig/Content/Controls/ControlRig_HalfCircle_1mm.uexp" 566
"../../../Engine/Plugins/Animation/ControlRig/Content/Controls/ControlRig_Diamond_solid.uasset" 567
"../../../Engine/Plugins/Animation/ControlRig/Content/Controls/ControlRig_Diamond_solid.ubulk" 568
"../../../Engine/Plugins/Animation/ControlRig/Content/Controls/ControlRig_Diamond_solid.uexp" 569
"../../../Engine/Plugins/Animation/ControlRig/Content/Controls/ControlRig_Diamond_3mm.uasset" 570
"../../../Engine/Plugins/Animation/ControlRig/Content/Controls/ControlRig_Diamond_3mm.ubulk" 571
"../../../Engine/Plugins/Animation/ControlRig/Content/Controls/ControlRig_Diamond_3mm.uexp" 572
"../../../Engine/Plugins/Animation/ControlRig/Content/Controls/ControlRig_Diamond_1mm.uasset" 573
"../../../Engine/Plugins/Animation/ControlRig/Content/Controls/ControlRig_Diamond_1mm.ubulk" 574
"../../../Engine/Plugins/Animation/ControlRig/Content/Controls/ControlRig_Diamond_1mm.uexp" 575
"../../../Engine/Plugins/Animation/ControlRig/Content/Controls/ControlRig_Circle_solid.uasset" 576
"../../../Engine/Plugins/Animation/ControlRig/Content/Controls/ControlRig_Circle_solid.ubulk" 577
"../../../Engine/Plugins/Animation/ControlRig/Content/Controls/ControlRig_Circle_solid.uexp" 578
"../../../Engine/Plugins/Animation/ControlRig/Content/Controls/ControlRig_Circle_3mm.uasset" 579
"../../../Engine/Plugins/Animation/ControlRig/Content/Controls/ControlRig_Circle_3mm.ubulk" 580
"../../../Engine/Plugins/Animation/ControlRig/Content/Controls/ControlRig_Circle_3mm.uexp" 581
"../../../Engine/Plugins/Animation/ControlRig/Content/Controls/ControlRig_Circle_1mm.uasset" 582
"../../../Engine/Plugins/Animation/ControlRig/Content/Controls/ControlRig_Circle_1mm.ubulk" 583
"../../../Engine/Plugins/Animation/ControlRig/Content/Controls/ControlRig_Circle_1mm.uexp" 584
"../../../Engine/Plugins/Animation/ControlRig/Content/Controls/ControlRig_Box_solid.uasset" 585
"../../../Engine/Plugins/Animation/ControlRig/Content/Controls/ControlRig_Box_solid.ubulk" 586
"../../../Engine/Plugins/Animation/ControlRig/Content/Controls/ControlRig_Box_solid.uexp" 587
"../../../Engine/Plugins/Animation/ControlRig/Content/Controls/ControlRig_Box_3mm.uasset" 588
"../../../Engine/Plugins/Animation/ControlRig/Content/Controls/ControlRig_Box_3mm.ubulk" 589
"../../../Engine/Plugins/Animation/ControlRig/Content/Controls/ControlRig_Box_3mm.uexp" 590
"../../../Engine/Plugins/Animation/ControlRig/Content/Controls/ControlRig_Box_1mm.uasset" 591
"../../../Engine/Plugins/Animation/ControlRig/Content/Controls/ControlRig_Box_1mm.ubulk" 592
"../../../Engine/Plugins/Animation/ControlRig/Content/Controls/ControlRig_Box_1mm.uexp" 593
"../../../Engine/Plugins/Animation/ControlRig/Content/Controls/ControlRig_Arrow_solid.uasset" 594
"../../../Engine/Plugins/Animation/ControlRig/Content/Controls/ControlRig_Arrow_solid.ubulk" 595
"../../../Engine/Plugins/Animation/ControlRig/Content/Controls/ControlRig_Arrow_solid.uexp" 596
"../../../Engine/Plugins/Animation/ControlRig/Content/Controls/ControlRig_Arrow_3mm.uasset" 597
"../../../Engine/Plugins/Animation/ControlRig/Content/Controls/ControlRig_Arrow_3mm.ubulk" 598
"../../../Engine/Plugins/Animation/ControlRig/Content/Controls/ControlRig_Arrow_3mm.uexp" 599
"../../../Engine/Plugins/Animation/ControlRig/Content/Controls/ControlRig_Arrow_1mm.uasset" 600
"../../../Engine/Plugins/Animation/ControlRig/Content/Controls/ControlRig_Arrow_1mm.ubulk" 601
"../../../Engine/Plugins/Animation/ControlRig/Content/Controls/ControlRig_Arrow_1mm.uexp" 602
"../../../Engine/Plugins/Animation/ControlRig/Content/Controls/ControlRig_Arrow4_solid.uasset" 603
"../../../Engine/Plugins/Animation/ControlRig/Content/Controls/ControlRig_Arrow4_solid.ubulk" 604
"../../../Engine/Plugins/Animation/ControlRig/Content/Controls/ControlRig_Arrow4_solid.uexp" 605
"../../../Engine/Plugins/Animation/ControlRig/Content/Controls/ControlRig_Arrow4_3mm.uasset" 606
"../../../Engine/Plugins/Animation/ControlRig/Content/Controls/ControlRig_Arrow4_3mm.ubulk" 607
"../../../Engine/Plugins/Animation/ControlRig/Content/Controls/ControlRig_Arrow4_3mm.uexp" 608
"../../../Engine/Plugins/Animation/ControlRig/Content/Controls/ControlRig_Arrow4_1mm.uasset" 609
"../../../Engine/Plugins/Animation/ControlRig/Content/Controls/ControlRig_Arrow4_1mm.ubulk" 610
"../../../Engine/Plugins/Animation/ControlRig/Content/Controls/ControlRig_Arrow4_1mm.uexp" 611
"../../../Engine/Plugins/Animation/ControlRig/Content/Controls/ControlRig_Arrow2_solid.uasset" 612
"../../../Engine/Plugins/Animation/ControlRig/Content/Controls/ControlRig_Arrow2_solid.ubulk" 613
"../../../Engine/Plugins/Animation/ControlRig/Content/Controls/ControlRig_Arrow2_solid.uexp" 614
"../../../Engine/Plugins/Animation/ControlRig/Content/Controls/ControlRig_Arrow2_3mm.uasset" 615
"../../../Engine/Plugins/Animation/ControlRig/Content/Controls/ControlRig_Arrow2_3mm.ubulk" 616
"../../../Engine/Plugins/Animation/ControlRig/Content/Controls/ControlRig_Arrow2_3mm.uexp" 617
"../../../Engine/Plugins/Animation/ControlRig/Content/Controls/ControlRig_Arrow2_1mm.uasset" 618
"../../../Engine/Plugins/Animation/ControlRig/Content/Controls/ControlRig_Arrow2_1mm.ubulk" 619
"../../../Engine/Plugins/Animation/ControlRig/Content/Controls/ControlRig_Arrow2_1mm.uexp" 620
"../../../Engine/Plugins/Animation/ControlRig/Content/Controls/ControlRigXRayMaterial.uasset" 621
"../../../Engine/Plugins/Animation/ControlRig/Content/Controls/ControlRigXRayMaterial.uexp" 622
"../../../Engine/Plugins/Animation/ControlRig/Content/Controls/ControlRigGizmoMaterial.uasset" 623
"../../../Engine/Plugins/Animation/ControlRig/Content/Controls/ControlRigGizmoMaterial.uexp" 624
"../../../Engine/Plugins/2D/Paper2D/Content/DefaultSpriteMaterial.uasset" 625
"../../../Engine/Plugins/2D/Paper2D/Content/DefaultSpriteMaterial.uexp" 626
"../../../Engine/Plugins/2D/Paper2D/Content/OpaqueUnlitSpriteMaterial.uasset" 627
"../../../Engine/Plugins/2D/Paper2D/Content/OpaqueUnlitSpriteMaterial.uexp" 628
"../../../Engine/Plugins/2D/Paper2D/Content/MaskedUnlitSpriteMaterial.uasset" 629
"../../../Engine/Plugins/2D/Paper2D/Content/MaskedUnlitSpriteMaterial.uexp" 630
"../../../Engine/Content/VREditor/TransformGizmo/Main.uasset" 631
"../../../Engine/Content/VREditor/TransformGizmo/Main.uexp" 632
"../../../Engine/Content/VREditor/TransformGizmo/Xray.uasset" 633
"../../../Engine/Content/VREditor/TransformGizmo/Xray.uexp" 634
"../../../Engine/Content/VREditor/TransformGizmo/SM_Sequencer_Node.uasset" 635
"../../../Engine/Content/VREditor/TransformGizmo/SM_Sequencer_Node.ubulk" 636
"../../../Engine/Content/VREditor/TransformGizmo/SM_Sequencer_Node.uexp" 637
"../../../Engine/Content/VREditor/LaserPointer/VR_LaserPower_01.uasset" 638
"../../../Engine/Content/VREditor/LaserPointer/VR_LaserPower_01.ubulk" 639
"../../../Engine/Content/VREditor/LaserPointer/VR_LaserPower_01.uexp" 640
"../../../Engine/Content/VREditor/TransformGizmo/TransformGizmoMaterial.uasset" 641
"../../../Engine/Content/VREditor/TransformGizmo/TransformGizmoMaterial.uexp" 642
"../../../Engine/Content/VREditor/TransformGizmo/TranslucentTransformGizmoMaterial.uasset" 643
"../../../Engine/Content/VREditor/TransformGizmo/TranslucentTransformGizmoMaterial.uexp" 644
"../../../Engine/Content/VREditor/TransformGizmo/BoundingBoxEdge.uasset" 645
"../../../Engine/Content/VREditor/TransformGizmo/BoundingBoxEdge.ubulk" 646
"../../../Engine/Content/VREditor/TransformGizmo/BoundingBoxEdge.uexp" 647
"../../../Engine/Content/VREditor/TransformGizmo/BoundingBoxCorner.uasset" 648
"../../../Engine/Content/VREditor/TransformGizmo/BoundingBoxCorner.ubulk" 649
"../../../Engine/Content/VREditor/TransformGizmo/BoundingBoxCorner.uexp" 650
"../../../Engine/Content/EngineSky/VolumetricClouds/T_CloudMask.uasset" 651
"../../../Engine/Content/EngineSky/VolumetricClouds/T_CloudMask.ubulk" 652
"../../../Engine/Content/EngineSky/VolumetricClouds/T_CloudMask.uexp" 653
"../../../Engine/Content/EngineSky/VolumetricClouds/VT_Lightning.uasset" 654
"../../../Engine/Content/EngineSky/VolumetricClouds/VT_Lightning.uexp" 655
"../../../Engine/Content/EngineSky/VolumetricClouds/T_Profile_08.uasset" 656
"../../../Engine/Content/EngineSky/VolumetricClouds/T_Profile_08.ubulk" 657
"../../../Engine/Content/EngineSky/VolumetricClouds/T_Profile_08.uexp" 658
"../../../Engine/Content/Functions/Engine_MaterialFunctions02/Utility/MakeFloat4.uasset" 659
"../../../Engine/Content/Functions/Engine_MaterialFunctions02/Utility/MakeFloat4.uexp" 660
"../../../Engine/Content/Functions/Engine_MaterialFunctions01/Units/Km-to-Cm.uasset" 661
"../../../Engine/Content/Functions/Engine_MaterialFunctions01/Units/Km-to-Cm.uexp" 662
"../../../Engine/Content/Functions/Engine_MaterialFunctions02/Utility/BreakOutFloat4Components.uasset" 663
"../../../Engine/Content/Functions/Engine_MaterialFunctions02/Utility/BreakOutFloat4Components.uexp" 664
"../../../Engine/Content/EngineSky/VolumetricClouds/T_CloudPattern.uasset" 665
"../../../Engine/Content/EngineSky/VolumetricClouds/T_CloudPattern.ubulk" 666
"../../../Engine/Content/EngineSky/VolumetricClouds/T_CloudPattern.uexp" 667
"../../../Engine/Content/EngineSky/VolumetricClouds/VT_PerlinWorley_Balanced.uasset" 668
"../../../Engine/Content/EngineSky/VolumetricClouds/VT_PerlinWorley_Balanced.uexp" 669
"../../../Engine/Content/EngineSky/VolumetricClouds/m_SimpleVolumetricCloud.uasset" 670
"../../../Engine/Content/EngineSky/VolumetricClouds/m_SimpleVolumetricCloud.uexp" 671
"../../../Engine/Content/EngineSky/VolumetricClouds/m_SimpleVolumetricCloud_Inst.uasset" 672
"../../../Engine/Content/EngineSky/VolumetricClouds/m_SimpleVolumetricCloud_Inst.uexp" 673
"../../../Engine/Content/EngineResources/GradientTexture0.uasset" 674
"../../../Engine/Content/EngineResources/GradientTexture0.uexp" 675
"../../../Engine/Content/EngineResources/Black.uasset" 676
"../../../Engine/Content/EngineResources/Black.uexp" 677
"../../../Engine/Content/EngineResources/FilmGrains/Marcie_Grain_v3_128_M2_000.uasset" 678
"../../../Engine/Content/EngineResources/FilmGrains/Marcie_Grain_v3_128_M2_000.uexp" 679
"../../../Engine/Content/EngineResources/WhiteSquareTexture.uasset" 680
"../../../Engine/Content/EngineResources/WhiteSquareTexture.uexp" 681
"../../../Engine/Content/EngineMaterials/Widget3DPassThrough.uasset" 682
"../../../Engine/Content/EngineMaterials/Widget3DPassThrough.uexp" 683
"../../../Engine/Content/EngineMaterials/Widget3DPassThrough_Translucent.uasset" 684
"../../../Engine/Content/EngineMaterials/Widget3DPassThrough_Translucent.uexp" 685
"../../../Engine/Content/EngineMaterials/Widget3DPassThrough_Translucent_OneSided.uasset" 686
"../../../Engine/Content/EngineMaterials/Widget3DPassThrough_Translucent_OneSided.uexp" 687
"../../../Engine/Content/EngineMaterials/Widget3DPassThrough_Opaque.uasset" 688
"../../../Engine/Content/EngineMaterials/Widget3DPassThrough_Opaque.uexp" 689
"../../../Engine/Content/EngineMaterials/Widget3DPassThrough_Opaque_OneSided.uasset" 690
"../../../Engine/Content/EngineMaterials/Widget3DPassThrough_Opaque_OneSided.uexp" 691
"../../../Engine/Content/EngineMaterials/Widget3DPassThrough_Masked_OneSided.uasset" 692
"../../../Engine/Content/EngineMaterials/Widget3DPassThrough_Masked_OneSided.uexp" 693
"../../../Engine/Content/EngineMaterials/Widget3DPassThrough_Masked.uasset" 694
"../../../Engine/Content/EngineMaterials/Widget3DPassThrough_Masked.uexp" 695
"../../../Engine/Content/EngineMaterials/RemoveSurfaceMaterial.uasset" 696
"../../../Engine/Content/EngineMaterials/RemoveSurfaceMaterial.uexp" 697
"../../../Engine/Content/EngineMaterials/PreintegratedSkinBRDF.uasset" 698
"../../../Engine/Content/EngineMaterials/PreintegratedSkinBRDF.uexp" 699
"../../../Engine/Content/EngineMaterials/DefaultCalibrationGrayscale.uasset" 700
"../../../Engine/Content/EngineMaterials/DefaultCalibrationGrayscale.uexp" 701
"../../../Engine/Content/EngineMaterials/PPM_DefaultCalibrationGrayscale.uasset" 702
"../../../Engine/Content/EngineMaterials/PPM_DefaultCalibrationGrayscale.uexp" 703
"../../../Engine/Content/EngineMaterials/DefaultCalibrationColor.uasset" 704
"../../../Engine/Content/EngineMaterials/DefaultCalibrationColor.uexp" 705
"../../../Engine/Content/EngineMaterials/PPM_DefaultCalibrationColor.uasset" 706
"../../../Engine/Content/EngineMaterials/PPM_DefaultCalibrationColor.uexp" 707
"../../../Engine/Content/EngineMaterials/PhAT_JointLimitMaterial.uasset" 708
"../../../Engine/Content/EngineMaterials/PhAT_JointLimitMaterial.uexp" 709
"../../../Engine/Content/EngineMaterials/NaniteHiddenSectionMaterial.uasset" 710
"../../../Engine/Content/EngineMaterials/NaniteHiddenSectionMaterial.uexp" 711
"../../../Engine/Content/EngineMaterials/InvalidLightmapSettings.uasset" 712
"../../../Engine/Content/EngineMaterials/InvalidLightmapSettings.ubulk" 713
"../../../Engine/Content/EngineMaterials/InvalidLightmapSettings.uexp" 714
"../../../Engine/Content/EngineMaterials/M_InvalidLightmapSettings.uasset" 715
"../../../Engine/Content/EngineMaterials/M_InvalidLightmapSettings.uexp" 716
"../../../Engine/Content/EngineMaterials/MiniFont.uasset" 717
"../../../Engine/Content/EngineMaterials/MiniFont.uexp" 718
"../../../Engine/Content/EngineMaterials/GizmoMaterial.uasset" 719
"../../../Engine/Content/EngineMaterials/GizmoMaterial.uexp" 720
"../../../Engine/Content/EngineMaterials/BaseFlattenEmissiveMap_VT.uasset" 721
"../../../Engine/Content/EngineMaterials/BaseFlattenEmissiveMap_VT.uexp" 722
"../../../Engine/Content/EngineMaterials/BaseFlattenGrayscaleMap_VT.uasset" 723
"../../../Engine/Content/EngineMaterials/BaseFlattenGrayscaleMap_VT.uexp" 724
"../../../Engine/Content/EngineMaterials/BaseFlattenLinearColor_VT.uasset" 725
"../../../Engine/Content/EngineMaterials/BaseFlattenLinearColor_VT.uexp" 726
"../../../Engine/Content/EngineMaterials/Black_1x1_EXR_Texture_VT.uasset" 727
"../../../Engine/Content/EngineMaterials/Black_1x1_EXR_Texture_VT.uexp" 728
"../../../Engine/Content/EngineMaterials/BaseFlattenDiffuseMap_VT.uasset" 729
"../../../Engine/Content/EngineMaterials/BaseFlattenDiffuseMap_VT.uexp" 730
"../../../Engine/Content/EngineMaterials/BaseFlattenNormalMap_VT.uasset" 731
"../../../Engine/Content/EngineMaterials/BaseFlattenNormalMap_VT.uexp" 732
"../../../Engine/Content/EngineMaterials/FlattenMaterial_WS_Normal_VT.uasset" 733
"../../../Engine/Content/EngineMaterials/FlattenMaterial_WS_Normal_VT.uexp" 734
"../../../Engine/Content/EngineMaterials/FlattenMaterial_VT.uasset" 735
"../../../Engine/Content/EngineMaterials/FlattenMaterial_VT.uexp" 736
"../../../Engine/Content/EngineMaterials/BaseFlattenNormalMap.uasset" 737
"../../../Engine/Content/EngineMaterials/BaseFlattenNormalMap.uexp" 738
"../../../Engine/Content/EngineMaterials/BaseFlattenGrayscaleMap.uasset" 739
"../../../Engine/Content/EngineMaterials/BaseFlattenGrayscaleMap.uexp" 740
"../../../Engine/Content/EngineMaterials/BaseFlattenDiffuseMap.uasset" 741
"../../../Engine/Content/EngineMaterials/BaseFlattenDiffuseMap.uexp" 742
"../../../Engine/Content/Functions/Engine_MaterialFunctions02/PivotPainter2/Black_1x1_EXR_Texture.uasset" 743
"../../../Engine/Content/Functions/Engine_MaterialFunctions02/PivotPainter2/Black_1x1_EXR_Texture.uexp" 744
"../../../Engine/Content/EngineMaterials/BaseFlattenEmissiveMap.uasset" 745
"../../../Engine/Content/EngineMaterials/BaseFlattenEmissiveMap.uexp" 746
"../../../Engine/Content/EngineMaterials/BaseFlattenLinearColor.uasset" 747
"../../../Engine/Content/EngineMaterials/BaseFlattenLinearColor.uexp" 748
"../../../Engine/Content/EngineMaterials/FlattenMaterial.uasset" 749
"../../../Engine/Content/EngineMaterials/FlattenMaterial.uexp" 750
"../../../Engine/Content/EngineMaterials/FastBlueNoise_vec2_128x128x64.uasset" 751
"../../../Engine/Content/EngineMaterials/FastBlueNoise_vec2_128x128x64.uexp" 752
"../../../Engine/Content/EngineMaterials/FastBlueNoise_scalar_128x128x64.uasset" 753
"../../../Engine/Content/EngineMaterials/FastBlueNoise_scalar_128x128x64.uexp" 754
"../../../Engine/Content/EngineMaterials/DefaultWhiteGrid_Low.uasset" 755
"../../../Engine/Content/EngineMaterials/DefaultWhiteGrid_Low.uexp" 756
"../../../Engine/Content/EngineMaterials/EmissiveMeshMaterial.uasset" 757
"../../../Engine/Content/EngineMaterials/EmissiveMeshMaterial.uexp" 758
"../../../Engine/Content/EngineMaterials/DefaultWhiteGrid.uasset" 759
"../../../Engine/Content/EngineMaterials/DefaultWhiteGrid.ubulk" 760
"../../../Engine/Content/EngineMaterials/DefaultWhiteGrid.uexp" 761
"../../../Engine/Content/EngineFonts/RobotoDistanceField.uasset" 762
"../../../Engine/Content/EngineFonts/RobotoDistanceField.uexp" 763
"../../../Engine/Content/EngineMaterials/DefaultTextMaterialOpaque.uasset" 764
"../../../Engine/Content/EngineMaterials/DefaultTextMaterialOpaque.uexp" 765
"../../../Engine/Content/EngineMaterials/DefaultDiffuse.uasset" 766
"../../../Engine/Content/EngineMaterials/DefaultDiffuse.ubulk" 767
"../../../Engine/Content/EngineMaterials/DefaultDiffuse.uexp" 768
"../../../Engine/Content/EngineMaterials/DefaultPostProcessMaterial.uasset" 769
"../../../Engine/Content/EngineMaterials/DefaultPostProcessMaterial.uexp" 770
"../../../Engine/Content/EngineMaterials/DefaultLightFunctionMaterial.uasset" 771
"../../../Engine/Content/EngineMaterials/DefaultLightFunctionMaterial.uexp" 772
"../../../Engine/Content/EngineMaterials/DefaultDeferredDecalMaterial.uasset" 773
"../../../Engine/Content/EngineMaterials/DefaultDeferredDecalMaterial.uexp" 774
"../../../Engine/Content/EngineMaterials/DefaultBokeh.uasset" 775
"../../../Engine/Content/EngineMaterials/DefaultBokeh.uexp" 776
"../../../Engine/Content/EngineMaterials/DefaultBloomKernel.uasset" 777
"../../../Engine/Content/EngineMaterials/DefaultBloomKernel.uexp" 778
"../../../Engine/Content/EngineMaterials/LTC/Sheen_LTC.uasset" 779
"../../../Engine/Content/EngineMaterials/LTC/Sheen_LTC.uexp" 780
"../../../Engine/Content/EngineMaterials/LTC/GGX_LTCMat.uasset" 781
"../../../Engine/Content/EngineMaterials/LTC/GGX_LTCMat.uexp" 782
"../../../Engine/Content/EngineMaterials/LTC/GGX_LTCAmp.uasset" 783
"../../../Engine/Content/EngineMaterials/LTC/GGX_LTCAmp.uexp" 784
"../../../Engine/Content/EngineMaterials/EnergyConservation/Sheen_Energy.uasset" 785
"../../../Engine/Content/EngineMaterials/EnergyConservation/Sheen_Energy.uexp" 786
"../../../Engine/Content/EngineMaterials/EnergyConservation/SheenLegacy_Energy.uasset" 787
"../../../Engine/Content/EngineMaterials/EnergyConservation/SheenLegacy_Energy.uexp" 788
"../../../Engine/Content/EngineMaterials/EnergyConservation/GGX_TransmissionEnergyArray.uasset" 789
"../../../Engine/Content/EngineMaterials/EnergyConservation/GGX_TransmissionEnergyArray.uexp" 790
"../../../Engine/Content/EngineMaterials/EnergyConservation/GGX_ReflectionEnergy.uasset" 791
"../../../Engine/Content/EngineMaterials/EnergyConservation/GGX_ReflectionEnergy.uexp" 792
"../../../Engine/Content/EngineMaterials/EnergyConservation/Diffuse_Energy.uasset" 793
"../../../Engine/Content/EngineMaterials/EnergyConservation/Diffuse_Energy.uexp" 794
"../../../Engine/Content/EngineDebugMaterials/VolumeToRender.uasset" 795
"../../../Engine/Content/EngineDebugMaterials/VolumeToRender.uexp" 796
"../../../Engine/Content/EngineDebugMaterials/M_VolumeRenderSphereTracePP.uasset" 797
"../../../Engine/Content/EngineDebugMaterials/M_VolumeRenderSphereTracePP.uexp" 798
"../../../Engine/Content/EngineDebugMaterials/M_SimpleUnlitTranslucent.uasset" 799
"../../../Engine/Content/EngineDebugMaterials/M_SimpleUnlitTranslucent.uexp" 800
"../../../Engine/Content/EngineDebugMaterials/DebugMeshMaterial.uasset" 801
"../../../Engine/Content/EngineDebugMaterials/DebugMeshMaterial.uexp" 802
"../../../Engine/Content/EngineDebugMaterials/DebugEditorMaterial.uasset" 803
"../../../Engine/Content/EngineDebugMaterials/DebugEditorMaterial.uexp" 804
"../../../Engine/Content/EngineDamageTypes/DmgTypeBP_Environmental.uasset" 805
"../../../Engine/Content/EngineDamageTypes/DmgTypeBP_Environmental.uexp" 806
"../../../Engine/Content/EditorResources/S_Solver.uasset" 807
"../../../Engine/Content/EditorResources/S_Solver.ubulk" 808
"../../../Engine/Content/EditorResources/S_Solver.uexp" 809
"../../../Engine/Content/EditorResources/EmptyActor.uasset" 810
"../../../Engine/Content/EditorResources/EmptyActor.uexp" 811
"../../../Engine/Content/EditorResources/BSPVertex.uasset" 812
"../../../Engine/Content/EditorResources/BSPVertex.uexp" 813
"../../../Engine/Content/EditorResources/SequenceRecorder/RecordingIndicator.uasset" 814
"../../../Engine/Content/EditorResources/SequenceRecorder/RecordingIndicator.uexp" 815
"../../../Engine/Content/EditorResources/SequenceRecorder/Countdown.uasset" 816
"../../../Engine/Content/EditorResources/SequenceRecorder/Countdown.uexp" 817
"../../../Engine/Content/EditorMaterials/Camera/CineMat.uasset" 818
"../../../Engine/Content/EditorMaterials/Camera/CineMat.uexp" 819
"../../../Engine/Content/EditorMaterials/Camera/MI_CineMat_Rig.uasset" 820
"../../../Engine/Content/EditorMaterials/Camera/MI_CineMat_Rig.uexp" 821
"../../../Engine/Content/EditorMeshes/Camera/SM_RailRig_Track.uasset" 822
"../../../Engine/Content/EditorMeshes/Camera/SM_RailRig_Track.ubulk" 823
"../../../Engine/Content/EditorMeshes/Camera/SM_RailRig_Track.uexp" 824
"../../../Engine/Content/EditorMeshes/Camera/SM_RailRig_Mount.uasset" 825
"../../../Engine/Content/EditorMeshes/Camera/SM_RailRig_Mount.ubulk" 826
"../../../Engine/Content/EditorMeshes/Camera/SM_RailRig_Mount.uexp" 827
"../../../Engine/Content/EditorMeshes/Camera/SM_CraneRig_Mount.uasset" 828
"../../../Engine/Content/EditorMeshes/Camera/SM_CraneRig_Mount.ubulk" 829
"../../../Engine/Content/EditorMeshes/Camera/SM_CraneRig_Mount.uexp" 830
"../../../Engine/Content/EditorMeshes/Camera/SM_CraneRig_Body.uasset" 831
"../../../Engine/Content/EditorMeshes/Camera/SM_CraneRig_Body.ubulk" 832
"../../../Engine/Content/EditorMeshes/Camera/SM_CraneRig_Body.uexp" 833
"../../../Engine/Content/EditorMeshes/Camera/SM_CraneRig_Base.uasset" 834
"../../../Engine/Content/EditorMeshes/Camera/SM_CraneRig_Base.ubulk" 835
"../../../Engine/Content/EditorMeshes/Camera/SM_CraneRig_Base.uexp" 836
"../../../Engine/Content/EditorMeshes/Camera/SM_CraneRig_Arm.uasset" 837
"../../../Engine/Content/EditorMeshes/Camera/SM_CraneRig_Arm.ubulk" 838
"../../../Engine/Content/EditorMeshes/Camera/SM_CraneRig_Arm.uexp" 839
"../../../Engine/Content/EditorMaterials/PreviewShadowIndicator.uasset" 840
"../../../Engine/Content/EditorMaterials/PreviewShadowIndicator.ubulk" 841
"../../../Engine/Content/EditorMaterials/PreviewShadowIndicator.uexp" 842
"../../../Engine/Content/EditorMaterials/PreviewShadowIndicatorMaterial.uasset" 843
"../../../Engine/Content/EditorMaterials/PreviewShadowIndicatorMaterial.uexp" 844
"../../../Engine/Content/EditorMaterials/PhAT_UnselectedMaterial.uasset" 845
"../../../Engine/Content/EditorMaterials/PhAT_UnselectedMaterial.uexp" 846
"../../../Engine/Content/EditorMaterials/PhAT_NoCollisionMaterial.uasset" 847
"../../../Engine/Content/EditorMaterials/PhAT_NoCollisionMaterial.uexp" 848
"../../../Engine/Content/EditorMaterials/ParticleSystems/PSysThumbnail_OOD.uasset" 849
"../../../Engine/Content/EditorMaterials/ParticleSystems/PSysThumbnail_OOD.ubulk" 850
"../../../Engine/Content/EditorMaterials/ParticleSystems/PSysThumbnail_OOD.uexp" 851
"../../../Engine/Content/EditorMaterials/ParticleSystems/PSysThumbnail_NoImage.uasset" 852
"../../../Engine/Content/EditorMaterials/ParticleSystems/PSysThumbnail_NoImage.ubulk" 853
"../../../Engine/Content/EditorMaterials/ParticleSystems/PSysThumbnail_NoImage.uexp" 854
"../../../Engine/Content/EditorMaterials/Dataflow/DataflowVertexMaterial.uasset" 855
"../../../Engine/Content/EditorMaterials/Dataflow/DataflowVertexMaterial.uexp" 856
"../../../Engine/Content/EditorMaterials/Dataflow/DataflowTwoSidedVertexMaterial.uasset" 857
"../../../Engine/Content/EditorMaterials/Dataflow/DataflowTwoSidedVertexMaterial.uexp" 858
"../../../Engine/Content/EditorLandscapeResources/SplineEditorMeshMat.uasset" 859
"../../../Engine/Content/EditorLandscapeResources/SplineEditorMeshMat.uexp" 860
"../../../Engine/Content/EditorLandscapeResources/SplineEditorMesh.uasset" 861
"../../../Engine/Content/EditorLandscapeResources/SplineEditorMesh.ubulk" 862
"../../../Engine/Content/EditorLandscapeResources/SplineEditorMesh.uexp" 863
"../../../Engine/Content/EditorLandscapeResources/DefaultAlphaTexture.uasset" 864
"../../../Engine/Content/EditorLandscapeResources/DefaultAlphaTexture.uexp" 865
"../../../Engine/Content/EngineMaterials/DefaultMaterial.uasset" 866
"../../../Engine/Content/EngineMaterials/DefaultMaterial.uexp" 867
"../../../Engine/Content/BasicShapes/Sphere.uasset" 868
"../../../Engine/Content/BasicShapes/Sphere.ubulk" 869
"../../../Engine/Content/BasicShapes/Sphere.uexp" 870
"../../../Engine/Content/BasicShapes/Cylinder.uasset" 871
"../../../Engine/Content/BasicShapes/Cylinder.ubulk" 872
"../../../Engine/Content/BasicShapes/Cylinder.uexp" 873
"../../../Engine/Content/BasicShapes/Cube.uasset" 874
"../../../Engine/Content/BasicShapes/Cube.ubulk" 875
"../../../Engine/Content/BasicShapes/Cube.uexp" 876
"../../../Engine/Content/BasicShapes/Cone.uasset" 877
"../../../Engine/Content/BasicShapes/Cone.ubulk" 878
"../../../Engine/Content/BasicShapes/Cone.uexp" 879
"../../../Engine/Content/BasicShapes/BasicShapeMaterial.uasset" 880
"../../../Engine/Content/BasicShapes/BasicShapeMaterial.uexp" 881
"../../../Engine/Content/Functions/Engine_MaterialFunctions01/Shading/PowerToRoughness.uasset" 882
"../../../Engine/Content/Functions/Engine_MaterialFunctions01/Shading/PowerToRoughness.uexp" 883
"../../../Engine/Content/Functions/Engine_MaterialFunctions01/Shading/ConvertFromDiffSpec.uasset" 884
"../../../Engine/Content/Functions/Engine_MaterialFunctions01/Shading/ConvertFromDiffSpec.uexp" 885
"../../../Engine/Content/EngineMaterials/Substrate/Volume/SubstrateSimpleVolumeLUT3D.uasset" 886
"../../../Engine/Content/EngineMaterials/Substrate/Volume/SubstrateSimpleVolumeLUT3D.uexp" 887
"../../../Engine/Content/EngineMaterials/Substrate/Volume/SubstrateSimpleVolumeEnvLUT3D.uasset" 888
"../../../Engine/Content/EngineMaterials/Substrate/Volume/SubstrateSimpleVolumeEnvLUT3D.uexp" 889
"../../../Engine/Content/EngineMaterials/Substrate/GLints2/AGlintTex2dArray2.uasset" 890
"../../../Engine/Content/EngineMaterials/Substrate/GLints2/AGlintTex2dArray2.uexp" 891
"../../../Engine/Content/EngineMaterials/Substrate/GLints/AGlintTex2dArray.uasset" 892
"../../../Engine/Content/EngineMaterials/Substrate/GLints/AGlintTex2dArray.uexp" 893
"../../../Engine/Content/ArtTools/RenderToTexture/Meshes/S_1_Unit_Plane.uasset" 894
"../../../Engine/Content/ArtTools/RenderToTexture/Meshes/S_1_Unit_Plane.ubulk" 895
"../../../Engine/Content/ArtTools/RenderToTexture/Meshes/S_1_Unit_Plane.uexp" 896
"../../../Engine/Content/EditorResources/S_Terrain.uasset" 897
"../../../Engine/Content/EditorResources/S_Terrain.ubulk" 898
"../../../Engine/Content/EditorResources/S_Terrain.uexp" 899
"../../../Engine/Content/Functions/Engine_MaterialFunctions02/WorldPositionOffset/V2/ObjectScale.uasset" 900
"../../../Engine/Content/Functions/Engine_MaterialFunctions02/WorldPositionOffset/V2/ObjectScale.uexp" 901
"../../../Engine/Content/Functions/Engine_MaterialFunctions02/WorldPositionOffset/ComponentPivotLocation.uasset" 902
"../../../Engine/Content/Functions/Engine_MaterialFunctions02/WorldPositionOffset/ComponentPivotLocation.uexp" 903
"../../../Engine/Content/Functions/Engine_MaterialFunctions02/WorldPositionOffset/Sprite.uasset" 904
"../../../Engine/Content/Functions/Engine_MaterialFunctions02/WorldPositionOffset/Sprite.uexp" 905
"../../../Engine/Plugins/Experimental/Landmass/Content/Landscape/BlueprintBrushes/Materials/Sprite/M_BrushSprite_01.uasset" 906
"../../../Engine/Plugins/Experimental/Landmass/Content/Landscape/BlueprintBrushes/Materials/Sprite/M_BrushSprite_01.uexp" 907
"../../../Engine/Plugins/Experimental/Landmass/Content/Landscape/BlueprintBrushes/MPC/MPC_Landscape.uasset" 908
"../../../Engine/Plugins/Experimental/Landmass/Content/Landscape/BlueprintBrushes/MPC/MPC_Landscape.uexp" 909
"../../../Engine/Plugins/Experimental/Landmass/Content/Landscape/BlueprintBrushes/MF/LandmassBrush_UVs.uasset" 910
"../../../Engine/Plugins/Experimental/Landmass/Content/Landscape/BlueprintBrushes/MF/LandmassBrush_UVs.uexp" 911
"../../../Engine/Plugins/Experimental/Landmass/Content/Landscape/BlueprintBrushes/MF/LandmassBrush_EdgeFalloff.uasset" 912
"../../../Engine/Plugins/Experimental/Landmass/Content/Landscape/BlueprintBrushes/MF/LandmassBrush_EdgeFalloff.uexp" 913
"../../../Engine/Content/EngineMaterials/BlendFunc_DefBlend.uasset" 914
"../../../Engine/Content/EngineMaterials/BlendFunc_DefBlend.uexp" 915
"../../../Engine/Plugins/Experimental/Landmass/Content/Landscape/BlueprintBrushes/MF/PointSampleLandscapeUVs.uasset" 916
"../../../Engine/Plugins/Experimental/Landmass/Content/Landscape/BlueprintBrushes/MF/PointSampleLandscapeUVs.uexp" 917
"../../../Engine/Content/EngineMaterials/BlendFunc_DefBase.uasset" 918
"../../../Engine/Content/EngineMaterials/BlendFunc_DefBase.uexp" 919
"../../../Engine/Content/Functions/Engine_MaterialFunctions03/Blends/Blend_Screen.uasset" 920
"../../../Engine/Content/Functions/Engine_MaterialFunctions03/Blends/Blend_Screen.uexp" 921
"../../../Engine/Content/Functions/Engine_MaterialFunctions03/Procedurals/ComputeFilterWidth.uasset" 922
"../../../Engine/Content/Functions/Engine_MaterialFunctions03/Procedurals/ComputeFilterWidth.uexp" 923
"../../../Engine/Content/EditorMaterials/TilingAALineIntegral.uasset" 924
"../../../Engine/Content/EditorMaterials/TilingAALineIntegral.uexp" 925
"../../../Engine/Content/EditorMaterials/TilingAALineBoxFiltered.uasset" 926
"../../../Engine/Content/EditorMaterials/TilingAALineBoxFiltered.uexp" 927
"../../../Engine/Content/EditorMaterials/TilingAAGrid.uasset" 928
"../../../Engine/Content/EditorMaterials/TilingAAGrid.uexp" 929
"../../../Engine/Plugins/Experimental/Landmass/Content/Landscape/OldPrototype_BP/Mats/MF/UnpackRG8Height.uasset" 930
"../../../Engine/Plugins/Experimental/Landmass/Content/Landscape/OldPrototype_BP/Mats/MF/UnpackRG8Height.uexp" 931
"../../../Engine/Plugins/Experimental/Landmass/Content/Landscape/BlueprintBrushes/MF/Landmass_BrushTilt.uasset" 932
"../../../Engine/Plugins/Experimental/Landmass/Content/Landscape/BlueprintBrushes/MF/Landmass_BrushTilt.uexp" 933
"../../../Engine/Content/ArtTools/RenderToTexture/Textures/T_EV_BlankWhite_01.uasset" 934
"../../../Engine/Content/ArtTools/RenderToTexture/Textures/T_EV_BlankWhite_01.uexp" 935
"../../../Engine/Content/Functions/Engine_MaterialFunctions01/ImageAdjustment/SCurve.uasset" 936
"../../../Engine/Content/Functions/Engine_MaterialFunctions01/ImageAdjustment/SCurve.uexp" 937
"../../../Engine/Content/EngineResources/Black_Low.uasset" 938
"../../../Engine/Content/EngineResources/Black_Low.uexp" 939
"../../../Engine/Plugins/Experimental/Landmass/Content/Landscape/BlueprintBrushes/MF/LandmassBrush_Noise.uasset" 940
"../../../Engine/Plugins/Experimental/Landmass/Content/Landscape/BlueprintBrushes/MF/LandmassBrush_Noise.uexp" 941
"../../../Engine/Plugins/Experimental/Landmass/Content/Landscape/BlueprintBrushes/Materials/BrushMaterials/BasicFunctions/LandmassBrush_ShapeMask.uasset" 942
"../../../Engine/Plugins/Experimental/Landmass/Content/Landscape/BlueprintBrushes/Materials/BrushMaterials/BasicFunctions/LandmassBrush_ShapeMask.uexp" 943
"../../../Engine/Plugins/Experimental/Landmass/Content/Landscape/BlueprintBrushes/Materials/Internal/BrushBounds.uasset" 944
"../../../Engine/Plugins/Experimental/Landmass/Content/Landscape/BlueprintBrushes/Materials/Internal/BrushBounds.uexp" 945
"../../../Engine/Content/EngineResources/LandscapeVisibilityLayerInfo.uasset" 946
"../../../Engine/Content/EngineResources/LandscapeVisibilityLayerInfo.uexp" 947
"../../../Engine/Content/VREditor/TransformGizmo/StartRotationHandleIndicator.uasset" 948
"../../../Engine/Content/VREditor/TransformGizmo/StartRotationHandleIndicator.ubulk" 949
"../../../Engine/Content/VREditor/TransformGizmo/StartRotationHandleIndicator.uexp" 950
"../../../Engine/Content/VREditor/Sounds/UI/Drop_Item_From_ContentBrowser.uasset" 951
"../../../Engine/Content/VREditor/Sounds/UI/Drop_Item_From_ContentBrowser.ubulk" 952
"../../../Engine/Content/VREditor/Sounds/UI/Drop_Item_From_ContentBrowser.uexp" 953
"../../../Engine/Content/VREditor/TransformGizmo/PlaneTranslationHandle.uasset" 954
"../../../Engine/Content/VREditor/TransformGizmo/PlaneTranslationHandle.ubulk" 955
"../../../Engine/Content/VREditor/TransformGizmo/PlaneTranslationHandle.uexp" 956
"../../../Engine/Content/VREditor/Sounds/UI/Object_Snaps_To_Grid.uasset" 957
"../../../Engine/Content/VREditor/Sounds/UI/Object_Snaps_To_Grid.ubulk" 958
"../../../Engine/Content/VREditor/Sounds/UI/Object_Snaps_To_Grid.uexp" 959
"../../../Engine/Content/VREditor/Sounds/UI/Selection_Changes.uasset" 960
"../../../Engine/Content/VREditor/Sounds/UI/Selection_Changes.ubulk" 961
"../../../Engine/Content/VREditor/Sounds/UI/Selection_Changes.uexp" 962
"../../../Engine/Content/VREditor/Sounds/UI/Object_Snaps_To_Another_Actor.uasset" 963
"../../../Engine/Content/VREditor/Sounds/UI/Object_Snaps_To_Another_Actor.ubulk" 964
"../../../Engine/Content/VREditor/Sounds/UI/Object_Snaps_To_Another_Actor.uexp" 965
"../../../Engine/Content/VREditor/TransformGizmo/TranslucentTransformGizmoMaterial_Inst.uasset" 966
"../../../Engine/Content/VREditor/TransformGizmo/TranslucentTransformGizmoMaterial_Inst.uexp" 967
"../../../Engine/Content/VREditor/TransformGizmo/TransformGizmoFreeRotation.uasset" 968
"../../../Engine/Content/VREditor/TransformGizmo/TransformGizmoFreeRotation.ubulk" 969
"../../../Engine/Content/VREditor/TransformGizmo/TransformGizmoFreeRotation.uexp" 970
"../../../Engine/Content/VREditor/Sounds/UI/Scaling_Down.uasset" 971
"../../../Engine/Content/VREditor/Sounds/UI/Scaling_Down.ubulk" 972
"../../../Engine/Content/VREditor/Sounds/UI/Scaling_Down.uexp" 973
"../../../Engine/Content/Functions/Engine_MaterialFunctions02/SplitComponents.uasset" 974
"../../../Engine/Content/Functions/Engine_MaterialFunctions02/SplitComponents.uexp" 975
"../../../Engine/Content/VREditor/SnapGrid/SnapGridMaterial.uasset" 976
"../../../Engine/Content/VREditor/SnapGrid/SnapGridMaterial.uexp" 977
"../../../Engine/Content/VREditor/SnapGrid/SnapGridPlaneMesh.uasset" 978
"../../../Engine/Content/VREditor/SnapGrid/SnapGridPlaneMesh.ubulk" 979
"../../../Engine/Content/VREditor/SnapGrid/SnapGridPlaneMesh.uexp" 980
"../../../Engine/Content/VREditor/Sounds/UI/Scaling_Up.uasset" 981
"../../../Engine/Content/VREditor/Sounds/UI/Scaling_Up.ubulk" 982
"../../../Engine/Content/VREditor/Sounds/UI/Scaling_Up.uexp" 983
"../../../Engine/Content/VREditor/TransformGizmo/TransformGizmoMaterial_Inst.uasset" 984
"../../../Engine/Content/VREditor/TransformGizmo/TransformGizmoMaterial_Inst.uexp" 985
"../../../Engine/Content/VREditor/Sounds/UI/Gizmo_Handle_Clicked.uasset" 986
"../../../Engine/Content/VREditor/Sounds/UI/Gizmo_Handle_Clicked.ubulk" 987
"../../../Engine/Content/VREditor/Sounds/UI/Gizmo_Handle_Clicked.uexp" 988
"../../../Engine/Content/VREditor/TransformGizmo/RotationHandleQuarter.uasset" 989
"../../../Engine/Content/VREditor/TransformGizmo/RotationHandleQuarter.ubulk" 990
"../../../Engine/Content/VREditor/TransformGizmo/RotationHandleQuarter.uexp" 991
"../../../Engine/Content/VREditor/TransformGizmo/TranslateArrowHandle.uasset" 992
"../../../Engine/Content/VREditor/TransformGizmo/TranslateArrowHandle.ubulk" 993
"../../../Engine/Content/VREditor/TransformGizmo/TranslateArrowHandle.uexp" 994
"../../../Engine/Content/VREditor/TransformGizmo/RotationHandleIndicator.uasset" 995
"../../../Engine/Content/VREditor/TransformGizmo/RotationHandleIndicator.ubulk" 996
"../../../Engine/Content/VREditor/TransformGizmo/RotationHandleIndicator.uexp" 997
"../../../Engine/Content/VREditor/TransformGizmo/UniformScaleHandle.uasset" 998
"../../../Engine/Content/VREditor/TransformGizmo/UniformScaleHandle.ubulk" 999
"../../../Engine/Content/VREditor/TransformGizmo/UniformScaleHandle.uexp" 1000
"../../../Engine/Content/VREditor/TransformGizmo/RotationHandleFull.uasset" 1001
"../../../Engine/Content/VREditor/TransformGizmo/RotationHandleFull.ubulk" 1002
"../../../Engine/Content/VREditor/TransformGizmo/RotationHandleFull.uexp" 1003
"../../../Engine/Content/VREditor/Sounds/UI/Object_PickUp.uasset" 1004
"../../../Engine/Content/VREditor/Sounds/UI/Object_PickUp.ubulk" 1005
"../../../Engine/Content/VREditor/Sounds/UI/Object_PickUp.uexp" 1006
"../../../Engine/Plugins/Animation/DeformerGraph/Content/DeformerFunctions/DG_Function_ComputeNormalsTangents.uasset" 1007
"../../../Engine/Plugins/Animation/DeformerGraph/Content/DeformerFunctions/DG_Function_ComputeNormalsTangents.uexp" 1008
"../../../Engine/Plugins/Animation/DeformerGraph/Content/DeformerFunctions/DG_Function_LinearBlendSkin_Morph_Cloth.uasset" 1009
"../../../Engine/Plugins/Animation/DeformerGraph/Content/DeformerFunctions/DG_Function_LinearBlendSkin_Morph_Cloth.uexp" 1010
"../../../Engine/Plugins/Animation/DeformerGraph/Content/DeformerFunctions/DG_Function_LinearBlendSkin_Morph_Cloth_PositionOnly.uasset" 1011
"../../../Engine/Plugins/Animation/DeformerGraph/Content/DeformerFunctions/DG_Function_LinearBlendSkin_Morph_Cloth_PositionOnly.uexp" 1012
"../../../Engine/Plugins/Animation/DeformerGraph/Content/Deformers/DG_LinearBlendSkin_Morph_Cloth.uasset" 1013
"../../../Engine/Plugins/Animation/DeformerGraph/Content/Deformers/DG_LinearBlendSkin_Morph_Cloth.uexp" 1014
"../../../Engine/Plugins/Animation/DeformerGraph/Content/Deformers/DG_LinearBlendSkin_Morph_Cloth_RecomputeNormals.uasset" 1015
"../../../Engine/Plugins/Animation/DeformerGraph/Content/Deformers/DG_LinearBlendSkin_Morph_Cloth_RecomputeNormals.uexp" 1016
"../../../Engine/Plugins/NNE/NNEDenoiser/Content/NNEDT_Oidn2-3_Balanced.uasset" 1017
"../../../Engine/Plugins/NNE/NNEDenoiser/Content/NNEDT_Oidn2-3_Balanced.uexp" 1018
"../../../Engine/Plugins/NNE/NNEDenoiser/Content/NNEDT_Oidn2-3_Balanced_Alpha.uasset" 1019
"../../../Engine/Plugins/NNE/NNEDenoiser/Content/NNEDT_Oidn2-3_Balanced_Alpha.uexp" 1020
"../../../Engine/Plugins/NNE/NNEDenoiser/Content/NNED_Oidn2-3_Balanced.uasset" 1021
"../../../Engine/Plugins/NNE/NNEDenoiser/Content/NNED_Oidn2-3_Balanced.uexp" 1022
"../../../Engine/Plugins/NNE/NNEDenoiser/Content/NNED_Oidn2-3_Balanced_Alpha.uasset" 1023
"../../../Engine/Plugins/NNE/NNEDenoiser/Content/NNED_Oidn2-3_Balanced_Alpha.uexp" 1024
"../../../Engine/Plugins/NNE/NNEDenoiser/Content/NNED_Oidn2-3_Fast.uasset" 1025
"../../../Engine/Plugins/NNE/NNEDenoiser/Content/NNED_Oidn2-3_Fast.uexp" 1026
"../../../Engine/Plugins/NNE/NNEDenoiser/Content/NNED_Oidn2-3_Fast_Alpha.uasset" 1027
"../../../Engine/Plugins/NNE/NNEDenoiser/Content/NNED_Oidn2-3_Fast_Alpha.uexp" 1028
"../../../Engine/Plugins/NNE/NNEDenoiser/Content/NNED_Oidn2-3_HighQuality.uasset" 1029
"../../../Engine/Plugins/NNE/NNEDenoiser/Content/NNED_Oidn2-3_HighQuality.uexp" 1030
"../../../Engine/Plugins/NNE/NNEDenoiser/Content/NNED_Oidn2-3_HighQuality_Alpha.uasset" 1031
"../../../Engine/Plugins/NNE/NNEDenoiser/Content/NNED_Oidn2-3_HighQuality_Alpha.uexp" 1032
"../../../Engine/Plugins/NNE/NNEDenoiser/Content/NNE_oidn2-3-0_rt_hdr_alb_nrm_small__dyn__fp16_opset11_DenoiseAlpha.uasset" 1033
"../../../Engine/Plugins/NNE/NNEDenoiser/Content/NNE_oidn2-3-0_rt_hdr_alb_nrm_small__dyn__fp16_opset11_DenoiseAlpha.uexp" 1034
"../../../Engine/Plugins/NNE/NNEDenoiser/Content/NNE_oidn2-3-0_rt_hdr_alb_nrm_small__dyn__fp16_opset11_ForwardAlpha.uasset" 1035
"../../../Engine/Plugins/NNE/NNEDenoiser/Content/NNE_oidn2-3-0_rt_hdr_alb_nrm_small__dyn__fp16_opset11_ForwardAlpha.uexp" 1036
"../../../Engine/Plugins/NNE/NNEDenoiser/Content/NNE_oidn2-3-0_rt_hdr_alb_nrm__dyn__fp16_opset11_DenoiseAlpha.uasset" 1037
"../../../Engine/Plugins/NNE/NNEDenoiser/Content/NNE_oidn2-3-0_rt_hdr_alb_nrm__dyn__fp16_opset11_DenoiseAlpha.uexp" 1038
"../../../Engine/Plugins/NNE/NNEDenoiser/Content/NNE_oidn2-3-0_rt_hdr_alb_nrm__dyn__fp16_opset11_ForwardAlpha.uasset" 1039
"../../../Engine/Plugins/NNE/NNEDenoiser/Content/NNE_oidn2-3-0_rt_hdr_alb_nrm__dyn__fp16_opset11_ForwardAlpha.uexp" 1040
"../../../Engine/Plugins/NNE/NNEDenoiser/Content/NNE_oidn2-3-0_rt_hdr_calb_cnrm_large__dyn__fp16_opset11_DenoiseAlpha.uasset" 1041
"../../../Engine/Plugins/NNE/NNEDenoiser/Content/NNE_oidn2-3-0_rt_hdr_calb_cnrm_large__dyn__fp16_opset11_DenoiseAlpha.uexp" 1042
"../../../Engine/Plugins/NNE/NNEDenoiser/Content/NNE_oidn2-3-0_rt_hdr_calb_cnrm_large__dyn__fp16_opset11_ForwardAlpha.uasset" 1043
"../../../Engine/Plugins/NNE/NNEDenoiser/Content/NNE_oidn2-3-0_rt_hdr_calb_cnrm_large__dyn__fp16_opset11_ForwardAlpha.uexp" 1044
"D:/Game_Projects/Projects/Wonderland_Project_03/WonderlandProject/Content/Wonderland/Widget/Title/Textures/T_OptionText.uasset" 1045
"D:/Game_Projects/Projects/Wonderland_Project_03/WonderlandProject/Content/Wonderland/Widget/Title/Textures/T_OptionText.uexp" 1046
"D:/Game_Projects/Projects/Wonderland_Project_03/WonderlandProject/Content/Wonderland/Widget/Title/Textures/T_QuitGameButtonN.uasset" 1047
"D:/Game_Projects/Projects/Wonderland_Project_03/WonderlandProject/Content/Wonderland/Widget/Title/Textures/T_QuitGameButtonN.uexp" 1048
"D:/Game_Projects/Projects/Wonderland_Project_03/WonderlandProject/Content/Wonderland/Widget/Title/WBP_ButtonType2.uasset" 1049
"D:/Game_Projects/Projects/Wonderland_Project_03/WonderlandProject/Content/Wonderland/Widget/Title/WBP_ButtonType2.uexp" 1050
"../../../Engine/Content/Functions/Engine_MaterialFunctions02/ScreenResolution.uasset" 1051
"../../../Engine/Content/Functions/Engine_MaterialFunctions02/ScreenResolution.uexp" 1052
"D:/Game_Projects/Projects/Wonderland_Project_03/WonderlandProject/Content/Wonderland/Widget/ScreenChangeEffect/Materials/MAT_FadeCircleUI.uasset" 1053
"D:/Game_Projects/Projects/Wonderland_Project_03/WonderlandProject/Content/Wonderland/Widget/ScreenChangeEffect/Materials/MAT_FadeCircleUI.uexp" 1054
"D:/Game_Projects/Projects/Wonderland_Project_03/WonderlandProject/Content/Wonderland/Widget/ScreenChangeEffect/Materials/MAT_FadeCircleUIInst.uasset" 1055
"D:/Game_Projects/Projects/Wonderland_Project_03/WonderlandProject/Content/Wonderland/Widget/ScreenChangeEffect/Materials/MAT_FadeCircleUIInst.uexp" 1056
"D:/Game_Projects/Projects/Wonderland_Project_03/WonderlandProject/Content/Wonderland/Widget/Title/Textures/T_QuitGameButtonH.uasset" 1057
"D:/Game_Projects/Projects/Wonderland_Project_03/WonderlandProject/Content/Wonderland/Widget/Title/Textures/T_QuitGameButtonH.uexp" 1058
"D:/Game_Projects/Projects/Wonderland_Project_03/WonderlandProject/Content/Wonderland/Sound/SFX/SW_ButtonLow.uasset" 1059
"D:/Game_Projects/Projects/Wonderland_Project_03/WonderlandProject/Content/Wonderland/Sound/SFX/SW_ButtonLow.ubulk" 1060
"D:/Game_Projects/Projects/Wonderland_Project_03/WonderlandProject/Content/Wonderland/Sound/SFX/SW_ButtonLow.uexp" 1061
"D:/Game_Projects/Projects/Wonderland_Project_03/WonderlandProject/Content/Wonderland/Widget/Title/Textures/T_QuitGameButtonHP.uasset" 1062
"D:/Game_Projects/Projects/Wonderland_Project_03/WonderlandProject/Content/Wonderland/Widget/Title/Textures/T_QuitGameButtonHP.uexp" 1063
"D:/Game_Projects/Projects/Wonderland_Project_03/WonderlandProject/Content/Wonderland/Widget/Title/Textures/T_OptionButtonN.uasset" 1064
"D:/Game_Projects/Projects/Wonderland_Project_03/WonderlandProject/Content/Wonderland/Widget/Title/Textures/T_OptionButtonN.uexp" 1065
"D:/Game_Projects/Projects/Wonderland_Project_03/WonderlandProject/Content/Wonderland/Widget/Title/WBP_ButtonType1.uasset" 1066
"D:/Game_Projects/Projects/Wonderland_Project_03/WonderlandProject/Content/Wonderland/Widget/Title/WBP_ButtonType1.uexp" 1067
"D:/Game_Projects/Projects/Wonderland_Project_03/WonderlandProject/Content/Wonderland/Widget/Title/Textures/T_OptionButtonP.uasset" 1068
"D:/Game_Projects/Projects/Wonderland_Project_03/WonderlandProject/Content/Wonderland/Widget/Title/Textures/T_OptionButtonP.uexp" 1069
"D:/Game_Projects/Projects/Wonderland_Project_03/WonderlandProject/Content/Wonderland/Widget/Title/Textures/T_GoBackToTitleButtonN.uasset" 1070
"D:/Game_Projects/Projects/Wonderland_Project_03/WonderlandProject/Content/Wonderland/Widget/Title/Textures/T_GoBackToTitleButtonN.uexp" 1071
"../../../Engine/Content/EngineSounds/Master.uasset" 1072
"../../../Engine/Content/EngineSounds/Master.uexp" 1073
"D:/Game_Projects/Projects/Wonderland_Project_03/WonderlandProject/Content/Wonderland/Widget/Title/Textures/T_WindowedButtonN.uasset" 1074
"D:/Game_Projects/Projects/Wonderland_Project_03/WonderlandProject/Content/Wonderland/Widget/Title/Textures/T_WindowedButtonN.uexp" 1075
"D:/Game_Projects/Projects/Wonderland_Project_03/WonderlandProject/Content/Wonderland/Widget/Title/Textures/T_WindowedButtonH.uasset" 1076
"D:/Game_Projects/Projects/Wonderland_Project_03/WonderlandProject/Content/Wonderland/Widget/Title/Textures/T_WindowedButtonH.uexp" 1077
"D:/Game_Projects/Projects/Wonderland_Project_03/WonderlandProject/Content/Wonderland/Widget/Title/Textures/T_FullscreenButtonN.uasset" 1078
"D:/Game_Projects/Projects/Wonderland_Project_03/WonderlandProject/Content/Wonderland/Widget/Title/Textures/T_FullscreenButtonN.uexp" 1079
"D:/Game_Projects/Projects/Wonderland_Project_03/WonderlandProject/Content/Wonderland/Widget/Title/Textures/T_SoundBackgroundN.uasset" 1080
"D:/Game_Projects/Projects/Wonderland_Project_03/WonderlandProject/Content/Wonderland/Widget/Title/Textures/T_SoundBackgroundN.uexp" 1081
"D:/Game_Projects/Projects/Wonderland_Project_03/WonderlandProject/Content/Wonderland/Widget/Title/Textures/T_SoundBackgroundH.uasset" 1082
"D:/Game_Projects/Projects/Wonderland_Project_03/WonderlandProject/Content/Wonderland/Widget/Title/Textures/T_SoundBackgroundH.uexp" 1083
"D:/Game_Projects/Projects/Wonderland_Project_03/WonderlandProject/Content/Wonderland/Widget/Title/Textures/T_OptionBackground5.uasset" 1084
"D:/Game_Projects/Projects/Wonderland_Project_03/WonderlandProject/Content/Wonderland/Widget/Title/Textures/T_OptionBackground5.uexp" 1085
"D:/Game_Projects/Projects/Wonderland_Project_03/WonderlandProject/Content/Wonderland/Sound/SM_MasterVolume.uasset" 1086
"D:/Game_Projects/Projects/Wonderland_Project_03/WonderlandProject/Content/Wonderland/Sound/SM_MasterVolume.uexp" 1087
"D:/Game_Projects/Projects/Wonderland_Project_03/WonderlandProject/Content/Wonderland/Widget/Title/Textures/T_GoBackToTitleButtonH.uasset" 1088
"D:/Game_Projects/Projects/Wonderland_Project_03/WonderlandProject/Content/Wonderland/Widget/Title/Textures/T_GoBackToTitleButtonH.uexp" 1089
"D:/Game_Projects/Projects/Wonderland_Project_03/WonderlandProject/Content/Wonderland/Widget/Title/Textures/T_FullscreenButtonP.uasset" 1090
"D:/Game_Projects/Projects/Wonderland_Project_03/WonderlandProject/Content/Wonderland/Widget/Title/Textures/T_FullscreenButtonP.uexp" 1091
"D:/Game_Projects/Projects/Wonderland_Project_03/WonderlandProject/Content/Wonderland/Widget/Title/Textures/T_ControlBackgroundN.uasset" 1092
"D:/Game_Projects/Projects/Wonderland_Project_03/WonderlandProject/Content/Wonderland/Widget/Title/Textures/T_ControlBackgroundN.uexp" 1093
"D:/Game_Projects/Projects/Wonderland_Project_03/WonderlandProject/Content/Wonderland/Widget/Title/Textures/T_ControlBackgroundH.uasset" 1094
"D:/Game_Projects/Projects/Wonderland_Project_03/WonderlandProject/Content/Wonderland/Widget/Title/Textures/T_ControlBackgroundH.uexp" 1095
"D:/Game_Projects/Projects/Wonderland_Project_03/WonderlandProject/Content/Wonderland/Widget/Title/Textures/T_DisplayBackgroundN.uasset" 1096
"D:/Game_Projects/Projects/Wonderland_Project_03/WonderlandProject/Content/Wonderland/Widget/Title/Textures/T_DisplayBackgroundN.uexp" 1097
"D:/Game_Projects/Projects/Wonderland_Project_03/WonderlandProject/Content/Wonderland/Widget/Title/Textures/T_OptionReset.uasset" 1098
"D:/Game_Projects/Projects/Wonderland_Project_03/WonderlandProject/Content/Wonderland/Widget/Title/Textures/T_OptionReset.uexp" 1099
"D:/Game_Projects/Projects/Wonderland_Project_03/WonderlandProject/Content/Wonderland/Widget/Title/Textures/T_DisplayBackgroundH.uasset" 1100
"D:/Game_Projects/Projects/Wonderland_Project_03/WonderlandProject/Content/Wonderland/Widget/Title/Textures/T_DisplayBackgroundH.uexp" 1101
"D:/Game_Projects/Projects/Wonderland_Project_03/WonderlandProject/Content/Wonderland/Widget/Title/Textures/T_WindowedButtonP.uasset" 1102
"D:/Game_Projects/Projects/Wonderland_Project_03/WonderlandProject/Content/Wonderland/Widget/Title/Textures/T_WindowedButtonP.uexp" 1103
"D:/Game_Projects/Projects/Wonderland_Project_03/WonderlandProject/Content/Wonderland/Widget/Title/Textures/T_FullscreenButtonH.uasset" 1104
"D:/Game_Projects/Projects/Wonderland_Project_03/WonderlandProject/Content/Wonderland/Widget/Title/Textures/T_FullscreenButtonH.uexp" 1105
"D:/Game_Projects/Projects/Wonderland_Project_03/WonderlandProject/Content/Wonderland/Widget/Title/Textures/T_GoBackToTitleButtonHP.uasset" 1106
"D:/Game_Projects/Projects/Wonderland_Project_03/WonderlandProject/Content/Wonderland/Widget/Title/Textures/T_GoBackToTitleButtonHP.uexp" 1107
"D:/Game_Projects/Projects/Wonderland_Project_03/WonderlandProject/Content/Wonderland/Sound/SFX/SW_ButtonHigh.uasset" 1108
"D:/Game_Projects/Projects/Wonderland_Project_03/WonderlandProject/Content/Wonderland/Sound/SFX/SW_ButtonHigh.ubulk" 1109
"D:/Game_Projects/Projects/Wonderland_Project_03/WonderlandProject/Content/Wonderland/Sound/SFX/SW_ButtonHigh.uexp" 1110
"D:/Game_Projects/Projects/Wonderland_Project_03/WonderlandProject/Content/Wonderland/Widget/Title/WBP_Option.uasset" 1111
"D:/Game_Projects/Projects/Wonderland_Project_03/WonderlandProject/Content/Wonderland/Widget/Title/WBP_Option.uexp" 1112
"D:/Game_Projects/Projects/Wonderland_Project_03/WonderlandProject/Content/Wonderland/Widget/Title/Textures/T_StartGameButtonN.uasset" 1113
"D:/Game_Projects/Projects/Wonderland_Project_03/WonderlandProject/Content/Wonderland/Widget/Title/Textures/T_StartGameButtonN.uexp" 1114
"D:/Game_Projects/Projects/Wonderland_Project_03/WonderlandProject/Content/Wonderland/Widget/Title/Textures/T_GameVersion.uasset" 1115
"D:/Game_Projects/Projects/Wonderland_Project_03/WonderlandProject/Content/Wonderland/Widget/Title/Textures/T_GameVersion.uexp" 1116
"D:/Game_Projects/Projects/Wonderland_Project_03/WonderlandProject/Content/Wonderland/Widget/Title/Textures/T_TitleText.uasset" 1117
"D:/Game_Projects/Projects/Wonderland_Project_03/WonderlandProject/Content/Wonderland/Widget/Title/Textures/T_TitleText.uexp" 1118
"D:/Game_Projects/Projects/Wonderland_Project_03/WonderlandProject/Content/Wonderland/Widget/Title/Textures/T_StartGameButtonH.uasset" 1119
"D:/Game_Projects/Projects/Wonderland_Project_03/WonderlandProject/Content/Wonderland/Widget/Title/Textures/T_StartGameButtonH.uexp" 1120
"D:/Game_Projects/Projects/Wonderland_Project_03/WonderlandProject/Content/Wonderland/Widget/Title/Textures/T_StartGameButtonHP.uasset" 1121
"D:/Game_Projects/Projects/Wonderland_Project_03/WonderlandProject/Content/Wonderland/Widget/Title/Textures/T_StartGameButtonHP.uexp" 1122
"D:/Game_Projects/Projects/Wonderland_Project_03/WonderlandProject/Content/Wonderland/Widget/Title/Textures/T_TitleBackground.uasset" 1123
"D:/Game_Projects/Projects/Wonderland_Project_03/WonderlandProject/Content/Wonderland/Widget/Title/Textures/T_TitleBackground.uexp" 1124
"D:/Game_Projects/Projects/Wonderland_Project_03/WonderlandProject/Content/Wonderland/Widget/Title/Textures/T_GameVersionText.uasset" 1125
"D:/Game_Projects/Projects/Wonderland_Project_03/WonderlandProject/Content/Wonderland/Widget/Title/Textures/T_GameVersionText.uexp" 1126
"D:/Game_Projects/Projects/Wonderland_Project_03/WonderlandProject/Content/Wonderland/Widget/Title/WBP_Title.uasset" 1127
"D:/Game_Projects/Projects/Wonderland_Project_03/WonderlandProject/Content/Wonderland/Widget/Title/WBP_Title.uexp" 1128
"D:/Game_Projects/Projects/Wonderland_Project_03/WonderlandProject/Content/Wonderland/Sound/BGM/SW_Title.uasset" 1129
"D:/Game_Projects/Projects/Wonderland_Project_03/WonderlandProject/Content/Wonderland/Sound/BGM/SW_Title.ubulk" 1130
"D:/Game_Projects/Projects/Wonderland_Project_03/WonderlandProject/Content/Wonderland/Sound/BGM/SW_Title.uexp" 1131
"D:/Game_Projects/Projects/Wonderland_Project_03/WonderlandProject/Content/Wonderland/Level/TitleLevel.umap" 1132
"D:/Game_Projects/Projects/Wonderland_Project_03/WonderlandProject/Content/Wonderland/Level/TitleLevel.uexp" 1133
"../../../Engine/Content/BasicShapes/Plane.uasset" 1134
"../../../Engine/Content/BasicShapes/Plane.ubulk" 1135
"../../../Engine/Content/BasicShapes/Plane.uexp" 1136
"D:/Game_Projects/Projects/Wonderland_Project_03/WonderlandProject/Content/Assets/Emberlight/FoliageMeshes/Tree01_SMF.uasset" 1137
"D:/Game_Projects/Projects/Wonderland_Project_03/WonderlandProject/Content/Assets/Emberlight/FoliageMeshes/Tree01_SMF.uexp" 1138
"D:/Game_Projects/Projects/Wonderland_Project_03/WonderlandProject/Content/Assets/Emberlight/FoliageMeshes/WoodStick02_SMF.uasset" 1139
"D:/Game_Projects/Projects/Wonderland_Project_03/WonderlandProject/Content/Assets/Emberlight/FoliageMeshes/WoodStick02_SMF.uexp" 1140
"D:/Game_Projects/Projects/Wonderland_Project_03/WonderlandProject/Content/Assets/Emberlight/FoliageMeshes/FlowerBlue_SMF.uasset" 1141
"D:/Game_Projects/Projects/Wonderland_Project_03/WonderlandProject/Content/Assets/Emberlight/FoliageMeshes/FlowerBlue_SMF.uexp" 1142
"D:/Game_Projects/Projects/Wonderland_Project_03/WonderlandProject/Content/Assets/Emberlight/FoliageMeshes/Clover_SMF.uasset" 1143
"D:/Game_Projects/Projects/Wonderland_Project_03/WonderlandProject/Content/Assets/Emberlight/FoliageMeshes/Clover_SMF.uexp" 1144
"D:/Game_Projects/Projects/Wonderland_Project_03/WonderlandProject/Content/Assets/Emberlight/Textures/Rocks/Rock06_Normal_T.uasset" 1145
"D:/Game_Projects/Projects/Wonderland_Project_03/WonderlandProject/Content/Assets/Emberlight/Textures/Rocks/Rock06_Normal_T.ubulk" 1146
"D:/Game_Projects/Projects/Wonderland_Project_03/WonderlandProject/Content/Assets/Emberlight/Textures/Rocks/Rock06_Normal_T.uexp" 1147
"D:/Game_Projects/Projects/Wonderland_Project_03/WonderlandProject/Content/Assets/Emberlight/Textures/Rocks/Rock06_Basecolor_T.uasset" 1148
"D:/Game_Projects/Projects/Wonderland_Project_03/WonderlandProject/Content/Assets/Emberlight/Textures/Rocks/Rock06_Basecolor_T.ubulk" 1149
"D:/Game_Projects/Projects/Wonderland_Project_03/WonderlandProject/Content/Assets/Emberlight/Textures/Rocks/Rock06_Basecolor_T.uexp" 1150
"D:/Game_Projects/Projects/Wonderland_Project_03/WonderlandProject/Content/Assets/Emberlight/Textures/Rocks/Rock01_Basecolor_T.uasset" 1151
"D:/Game_Projects/Projects/Wonderland_Project_03/WonderlandProject/Content/Assets/Emberlight/Textures/Rocks/Rock01_Basecolor_T.ubulk" 1152
"D:/Game_Projects/Projects/Wonderland_Project_03/WonderlandProject/Content/Assets/Emberlight/Textures/Rocks/Rock01_Basecolor_T.uexp" 1153
"D:/Game_Projects/Projects/Wonderland_Project_03/WonderlandProject/Content/Assets/Emberlight/Textures/SharedTextures/PerlinNoise_T.uasset" 1154
"D:/Game_Projects/Projects/Wonderland_Project_03/WonderlandProject/Content/Assets/Emberlight/Textures/SharedTextures/PerlinNoise_T.ubulk" 1155
"D:/Game_Projects/Projects/Wonderland_Project_03/WonderlandProject/Content/Assets/Emberlight/Textures/SharedTextures/PerlinNoise_T.uexp" 1156
"../../../Engine/Content/Functions/Engine_MaterialFunctions01/Gradient/LinearGradient.uasset" 1157
"../../../Engine/Content/Functions/Engine_MaterialFunctions01/Gradient/LinearGradient.uexp" 1158
"D:/Game_Projects/Projects/Wonderland_Project_03/WonderlandProject/Content/Assets/Emberlight/Textures/Rocks/Rock01_Normal_T.uasset" 1159
"D:/Game_Projects/Projects/Wonderland_Project_03/WonderlandProject/Content/Assets/Emberlight/Textures/Rocks/Rock01_Normal_T.ubulk" 1160
"D:/Game_Projects/Projects/Wonderland_Project_03/WonderlandProject/Content/Assets/Emberlight/Textures/Rocks/Rock01_Normal_T.uexp" 1161
"../../../Engine/Content/Functions/Engine_MaterialFunctions01/ImageAdjustment/CheapContrast.uasset" 1162
"../../../Engine/Content/Functions/Engine_MaterialFunctions01/ImageAdjustment/CheapContrast.uexp" 1163
"D:/Game_Projects/Projects/Wonderland_Project_03/WonderlandProject/Content/Assets/Emberlight/Textures/Terrain/Moss_Normal_T.uasset" 1164
"D:/Game_Projects/Projects/Wonderland_Project_03/WonderlandProject/Content/Assets/Emberlight/Textures/Terrain/Moss_Normal_T.ubulk" 1165
"D:/Game_Projects/Projects/Wonderland_Project_03/WonderlandProject/Content/Assets/Emberlight/Textures/Terrain/Moss_Normal_T.uexp" 1166
"D:/Game_Projects/Projects/Wonderland_Project_03/WonderlandProject/Content/Assets/Emberlight/Textures/Terrain/Moss_Basecolor_T.uasset" 1167
"D:/Game_Projects/Projects/Wonderland_Project_03/WonderlandProject/Content/Assets/Emberlight/Textures/Terrain/Moss_Basecolor_T.ubulk" 1168
"D:/Game_Projects/Projects/Wonderland_Project_03/WonderlandProject/Content/Assets/Emberlight/Textures/Terrain/Moss_Basecolor_T.uexp" 1169
"D:/Game_Projects/Projects/Wonderland_Project_03/WonderlandProject/Content/Assets/Emberlight/Materials/Rocks/Rock_M.uasset" 1170
"D:/Game_Projects/Projects/Wonderland_Project_03/WonderlandProject/Content/Assets/Emberlight/Materials/Rocks/Rock_M.uexp" 1171
"D:/Game_Projects/Projects/Wonderland_Project_03/WonderlandProject/Content/Assets/Emberlight/Materials/Rocks/Rock06_MI.uasset" 1172
"D:/Game_Projects/Projects/Wonderland_Project_03/WonderlandProject/Content/Assets/Emberlight/Materials/Rocks/Rock06_MI.uexp" 1173
"D:/Game_Projects/Projects/Wonderland_Project_03/WonderlandProject/Content/Assets/Emberlight/Meshes/Rocks/Rock06_SM.uasset" 1174
"D:/Game_Projects/Projects/Wonderland_Project_03/WonderlandProject/Content/Assets/Emberlight/Meshes/Rocks/Rock06_SM.ubulk" 1175
"D:/Game_Projects/Projects/Wonderland_Project_03/WonderlandProject/Content/Assets/Emberlight/Meshes/Rocks/Rock06_SM.uexp" 1176
"D:/Game_Projects/Projects/Wonderland_Project_03/WonderlandProject/Content/Assets/Emberlight/Textures/Foliage/Grass_Basecolor_T.uasset" 1177
"D:/Game_Projects/Projects/Wonderland_Project_03/WonderlandProject/Content/Assets/Emberlight/Textures/Foliage/Grass_Basecolor_T.ubulk" 1178
"D:/Game_Projects/Projects/Wonderland_Project_03/WonderlandProject/Content/Assets/Emberlight/Textures/Foliage/Grass_Basecolor_T.uexp" 1179
"../../../Engine/Content/Functions/Engine_MaterialFunctions01/WorldPositionOffset/SimpleGrassWind.uasset" 1180
"../../../Engine/Content/Functions/Engine_MaterialFunctions01/WorldPositionOffset/SimpleGrassWind.uexp" 1181
"D:/Game_Projects/Projects/Wonderland_Project_03/WonderlandProject/Content/Assets/Emberlight/Materials/Foliage/Grass_M.uasset" 1182
"D:/Game_Projects/Projects/Wonderland_Project_03/WonderlandProject/Content/Assets/Emberlight/Materials/Foliage/Grass_M.uexp" 1183
"D:/Game_Projects/Projects/Wonderland_Project_03/WonderlandProject/Content/Assets/Emberlight/Meshes/Foliage/GrassPiece03_SM.uasset" 1184
"D:/Game_Projects/Projects/Wonderland_Project_03/WonderlandProject/Content/Assets/Emberlight/Meshes/Foliage/GrassPiece03_SM.ubulk" 1185
"D:/Game_Projects/Projects/Wonderland_Project_03/WonderlandProject/Content/Assets/Emberlight/Meshes/Foliage/GrassPiece03_SM.uexp" 1186
"D:/Game_Projects/Projects/Wonderland_Project_03/WonderlandProject/Content/Assets/Emberlight/FoliageMeshes/FlowerPurple_SMF.uasset" 1187
"D:/Game_Projects/Projects/Wonderland_Project_03/WonderlandProject/Content/Assets/Emberlight/FoliageMeshes/FlowerPurple_SMF.uexp" 1188
"D:/Game_Projects/Projects/Wonderland_Project_03/WonderlandProject/Content/Assets/Emberlight/FoliageMeshes/Rock10_SMF.uasset" 1189
"D:/Game_Projects/Projects/Wonderland_Project_03/WonderlandProject/Content/Assets/Emberlight/FoliageMeshes/Rock10_SMF.uexp" 1190
"D:/Game_Projects/Projects/Wonderland_Project_03/WonderlandProject/Content/Assets/Emberlight/Textures/Foliage/Foliage02_Basecolor_T.uasset" 1191
"D:/Game_Projects/Projects/Wonderland_Project_03/WonderlandProject/Content/Assets/Emberlight/Textures/Foliage/Foliage02_Basecolor_T.ubulk" 1192
"D:/Game_Projects/Projects/Wonderland_Project_03/WonderlandProject/Content/Assets/Emberlight/Textures/Foliage/Foliage02_Basecolor_T.uexp" 1193
"../../../Engine/Content/Functions/Engine_MaterialFunctions01/ImageAdjustment/Contrast_Preserve_Color.uasset" 1194
"../../../Engine/Content/Functions/Engine_MaterialFunctions01/ImageAdjustment/Contrast_Preserve_Color.uexp" 1195
"D:/Game_Projects/Projects/Wonderland_Project_03/WonderlandProject/Content/Assets/Emberlight/Materials/Foliage/Foliage02_M.uasset" 1196
"D:/Game_Projects/Projects/Wonderland_Project_03/WonderlandProject/Content/Assets/Emberlight/Materials/Foliage/Foliage02_M.uexp" 1197
"D:/Game_Projects/Projects/Wonderland_Project_03/WonderlandProject/Content/Assets/Emberlight/Meshes/Foliage/Plant04_SM.uasset" 1198
"D:/Game_Projects/Projects/Wonderland_Project_03/WonderlandProject/Content/Assets/Emberlight/Meshes/Foliage/Plant04_SM.ubulk" 1199
"D:/Game_Projects/Projects/Wonderland_Project_03/WonderlandProject/Content/Assets/Emberlight/Meshes/Foliage/Plant04_SM.uexp" 1200
"../../../Engine/Plugins/Animation/ACLPlugin/Content/ACLAnimBoneCompressionSettings.uasset" 1201
"../../../Engine/Plugins/Animation/ACLPlugin/Content/ACLAnimBoneCompressionSettings.uexp" 1202
"../../../Engine/Content/Animation/DefaultVariableFrameStrippingSettings.uasset" 1203
"../../../Engine/Content/Animation/DefaultVariableFrameStrippingSettings.uexp" 1204
"../../../Engine/Plugins/Animation/ACLPlugin/Content/ACLAnimCurveCompressionSettings.uasset" 1205
"../../../Engine/Plugins/Animation/ACLPlugin/Content/ACLAnimCurveCompressionSettings.uexp" 1206
"D:/Game_Projects/Projects/Wonderland_Project_03/WonderlandProject/Content/Wonderland/Character/EnemyCharacter/Mesh/SK_Doozy.uasset" 1207
"D:/Game_Projects/Projects/Wonderland_Project_03/WonderlandProject/Content/Wonderland/Character/EnemyCharacter/Mesh/SK_Doozy.uexp" 1208
"D:/Game_Projects/Projects/Wonderland_Project_03/WonderlandProject/Content/Wonderland/Character/EnemyCharacter/Animations/EAttack.uasset" 1209
"D:/Game_Projects/Projects/Wonderland_Project_03/WonderlandProject/Content/Wonderland/Character/EnemyCharacter/Animations/EAttack.uexp" 1210
"D:/Game_Projects/Projects/Wonderland_Project_03/WonderlandProject/Content/Wonderland/Character/EnemyCharacter/Animations/EWalk.uasset" 1211
"D:/Game_Projects/Projects/Wonderland_Project_03/WonderlandProject/Content/Wonderland/Character/EnemyCharacter/Animations/EWalk.uexp" 1212
"D:/Game_Projects/Projects/Wonderland_Project_03/WonderlandProject/Content/Wonderland/Character/EnemyCharacter/Animations/EIdle1.uasset" 1213
"D:/Game_Projects/Projects/Wonderland_Project_03/WonderlandProject/Content/Wonderland/Character/EnemyCharacter/Animations/EIdle1.uexp" 1214
"D:/Game_Projects/Projects/Wonderland_Project_03/WonderlandProject/Content/Wonderland/Character/EnemyCharacter/Animations/ERun.uasset" 1215
"D:/Game_Projects/Projects/Wonderland_Project_03/WonderlandProject/Content/Wonderland/Character/EnemyCharacter/Animations/ERun.uexp" 1216
"D:/Game_Projects/Projects/Wonderland_Project_03/WonderlandProject/Content/Wonderland/Character/EnemyCharacter/Animations/EnemyIdleWalk.uasset" 1217
"D:/Game_Projects/Projects/Wonderland_Project_03/WonderlandProject/Content/Wonderland/Character/EnemyCharacter/Animations/EnemyIdleWalk.uexp" 1218
"D:/Game_Projects/Projects/Wonderland_Project_03/WonderlandProject/Content/Wonderland/Character/EnemyCharacter/AI/BPE_EnemyState.uasset" 1219
"D:/Game_Projects/Projects/Wonderland_Project_03/WonderlandProject/Content/Wonderland/Character/EnemyCharacter/AI/BPE_EnemyState.uexp" 1220
"../../../Engine/Content/EditorBlueprintResources/StandardMacros.uasset" 1221
"../../../Engine/Content/EditorBlueprintResources/StandardMacros.uexp" 1222
"D:/Game_Projects/Projects/Wonderland_Project_03/WonderlandProject/Content/Wonderland/Character/EnemyCharacter/ABP_EnemyCharacter.uasset" 1223
"D:/Game_Projects/Projects/Wonderland_Project_03/WonderlandProject/Content/Wonderland/Character/EnemyCharacter/ABP_EnemyCharacter.uexp" 1224
"D:/Game_Projects/Projects/Wonderland_Project_03/WonderlandProject/Content/Wonderland/Widget/EnemyCharacter/Textures/T_EnemyStateBarBackground.uasset" 1225
"D:/Game_Projects/Projects/Wonderland_Project_03/WonderlandProject/Content/Wonderland/Widget/EnemyCharacter/Textures/T_EnemyStateBarBackground.uexp" 1226
"D:/Game_Projects/Projects/Wonderland_Project_03/WonderlandProject/Content/Wonderland/Widget/EnemyCharacter/WBP_HealthBar.uasset" 1227
"D:/Game_Projects/Projects/Wonderland_Project_03/WonderlandProject/Content/Wonderland/Widget/EnemyCharacter/WBP_HealthBar.uexp" 1228
"D:/Game_Projects/Projects/Wonderland_Project_03/WonderlandProject/Content/Wonderland/Character/EnemyCharacter/Animations/EHitReact_Front.uasset" 1229
"D:/Game_Projects/Projects/Wonderland_Project_03/WonderlandProject/Content/Wonderland/Character/EnemyCharacter/Animations/EHitReact_Front.uexp" 1230
"D:/Game_Projects/Projects/Wonderland_Project_03/WonderlandProject/Content/Wonderland/Character/EnemyCharacter/Animations/EHitReact_Right.uasset" 1231
"D:/Game_Projects/Projects/Wonderland_Project_03/WonderlandProject/Content/Wonderland/Character/EnemyCharacter/Animations/EHitReact_Right.uexp" 1232
"D:/Game_Projects/Projects/Wonderland_Project_03/WonderlandProject/Content/Wonderland/Character/EnemyCharacter/Animations/EHitReact_Left.uasset" 1233
"D:/Game_Projects/Projects/Wonderland_Project_03/WonderlandProject/Content/Wonderland/Character/EnemyCharacter/Animations/EHitReact_Left.uexp" 1234
"D:/Game_Projects/Projects/Wonderland_Project_03/WonderlandProject/Content/Wonderland/Character/EnemyCharacter/Animations/EHitReact_Back.uasset" 1235
"D:/Game_Projects/Projects/Wonderland_Project_03/WonderlandProject/Content/Wonderland/Character/EnemyCharacter/Animations/EHitReact_Back.uexp" 1236
"D:/Game_Projects/Projects/Wonderland_Project_03/WonderlandProject/Content/Wonderland/Character/EnemyCharacter/Animations/AM_EHitReact.uasset" 1237
"D:/Game_Projects/Projects/Wonderland_Project_03/WonderlandProject/Content/Wonderland/Character/EnemyCharacter/Animations/AM_EHitReact.uexp" 1238
"D:/Game_Projects/Projects/Wonderland_Project_03/WonderlandProject/Content/Wonderland/Character/EnemyCharacter/AI/BP_EnemyBB.uasset" 1239
"D:/Game_Projects/Projects/Wonderland_Project_03/WonderlandProject/Content/Wonderland/Character/EnemyCharacter/AI/BP_EnemyBB.uexp" 1240
"D:/Game_Projects/Projects/Wonderland_Project_03/WonderlandProject/Content/Wonderland/Character/EnemyCharacter/AI/BTS_LookAtTarget.uasset" 1241
"D:/Game_Projects/Projects/Wonderland_Project_03/WonderlandProject/Content/Wonderland/Character/EnemyCharacter/AI/BTS_LookAtTarget.uexp" 1242
"D:/Game_Projects/Projects/Wonderland_Project_03/WonderlandProject/Content/Wonderland/Character/EnemyCharacter/AI/BTT_FindNewTargetLoc.uasset" 1243
"D:/Game_Projects/Projects/Wonderland_Project_03/WonderlandProject/Content/Wonderland/Character/EnemyCharacter/AI/BTT_FindNewTargetLoc.uexp" 1244
"D:/Game_Projects/Projects/Wonderland_Project_03/WonderlandProject/Content/Wonderland/Character/EnemyCharacter/AI/BTT_SetState.uasset" 1245
"D:/Game_Projects/Projects/Wonderland_Project_03/WonderlandProject/Content/Wonderland/Character/EnemyCharacter/AI/BTT_SetState.uexp" 1246
"D:/Game_Projects/Projects/Wonderland_Project_03/WonderlandProject/Content/Wonderland/Character/EnemyCharacter/AI/BTD_AggroCheck.uasset" 1247
"D:/Game_Projects/Projects/Wonderland_Project_03/WonderlandProject/Content/Wonderland/Character/EnemyCharacter/AI/BTD_AggroCheck.uexp" 1248
"D:/Game_Projects/Projects/Wonderland_Project_03/WonderlandProject/Content/Wonderland/Character/EnemyCharacter/AI/BTT_Dead.uasset" 1249
"D:/Game_Projects/Projects/Wonderland_Project_03/WonderlandProject/Content/Wonderland/Character/EnemyCharacter/AI/BTT_Dead.uexp" 1250
"D:/Game_Projects/Projects/Wonderland_Project_03/WonderlandProject/Content/Wonderland/Character/EnemyCharacter/AI/BP_EnemyBT1.uasset" 1251
"D:/Game_Projects/Projects/Wonderland_Project_03/WonderlandProject/Content/Wonderland/Character/EnemyCharacter/AI/BP_EnemyBT1.uexp" 1252
"D:/Game_Projects/Projects/Wonderland_Project_03/WonderlandProject/Content/Wonderland/Character/EnemyCharacter/AI/BP_EnemyController.uasset" 1253
"D:/Game_Projects/Projects/Wonderland_Project_03/WonderlandProject/Content/Wonderland/Character/EnemyCharacter/AI/BP_EnemyController.uexp" 1254
"D:/Game_Projects/Projects/Wonderland_Project_03/WonderlandProject/Content/Wonderland/Character/EnemyCharacter/Animations/EDeath_Back.uasset" 1255
"D:/Game_Projects/Projects/Wonderland_Project_03/WonderlandProject/Content/Wonderland/Character/EnemyCharacter/Animations/EDeath_Back.uexp" 1256
"D:/Game_Projects/Projects/Wonderland_Project_03/WonderlandProject/Content/Wonderland/Character/EnemyCharacter/Animations/EDeath_Right.uasset" 1257
"D:/Game_Projects/Projects/Wonderland_Project_03/WonderlandProject/Content/Wonderland/Character/EnemyCharacter/Animations/EDeath_Right.uexp" 1258
"D:/Game_Projects/Projects/Wonderland_Project_03/WonderlandProject/Content/Wonderland/Character/EnemyCharacter/Animations/EDeath_Front.uasset" 1259
"D:/Game_Projects/Projects/Wonderland_Project_03/WonderlandProject/Content/Wonderland/Character/EnemyCharacter/Animations/EDeath_Front.uexp" 1260
"D:/Game_Projects/Projects/Wonderland_Project_03/WonderlandProject/Content/Wonderland/Character/EnemyCharacter/Animations/EDeath_Left.uasset" 1261
"D:/Game_Projects/Projects/Wonderland_Project_03/WonderlandProject/Content/Wonderland/Character/EnemyCharacter/Animations/EDeath_Left.uexp" 1262
"D:/Game_Projects/Projects/Wonderland_Project_03/WonderlandProject/Content/Wonderland/Character/EnemyCharacter/Animations/AM_EDeath.uasset" 1263
"D:/Game_Projects/Projects/Wonderland_Project_03/WonderlandProject/Content/Wonderland/Character/EnemyCharacter/Animations/AM_EDeath.uexp" 1264
"D:/Game_Projects/Projects/Wonderland_Project_03/WonderlandProject/Content/Wonderland/Character/EnemyCharacter/Mesh/PA_Doozy.uasset" 1265
"D:/Game_Projects/Projects/Wonderland_Project_03/WonderlandProject/Content/Wonderland/Character/EnemyCharacter/Mesh/PA_Doozy.uexp" 1266
"D:/Game_Projects/Projects/Wonderland_Project_03/WonderlandProject/Content/Wonderland/Character/EnemyCharacter/Mesh/Materials/T_DoozyNormal.uasset" 1267
"D:/Game_Projects/Projects/Wonderland_Project_03/WonderlandProject/Content/Wonderland/Character/EnemyCharacter/Mesh/Materials/T_DoozyNormal.ubulk" 1268
"D:/Game_Projects/Projects/Wonderland_Project_03/WonderlandProject/Content/Wonderland/Character/EnemyCharacter/Mesh/Materials/T_DoozyNormal.uexp" 1269
"D:/Game_Projects/Projects/Wonderland_Project_03/WonderlandProject/Content/Wonderland/Character/EnemyCharacter/Mesh/Materials/T_DoozyDiffuse.uasset" 1270
"D:/Game_Projects/Projects/Wonderland_Project_03/WonderlandProject/Content/Wonderland/Character/EnemyCharacter/Mesh/Materials/T_DoozyDiffuse.ubulk" 1271
"D:/Game_Projects/Projects/Wonderland_Project_03/WonderlandProject/Content/Wonderland/Character/EnemyCharacter/Mesh/Materials/T_DoozyDiffuse.uexp" 1272
"../../../Engine/Plugins/Interchange/Assets/Content/Functions/MF_PhongToMetalRoughness.uasset" 1273
"../../../Engine/Plugins/Interchange/Assets/Content/Functions/MF_PhongToMetalRoughness.uexp" 1274
"D:/Game_Projects/Projects/Wonderland_Project_03/WonderlandProject/Content/Wonderland/Character/EnemyCharacter/Mesh/Materials/T_DoozySpecular.uasset" 1275
"D:/Game_Projects/Projects/Wonderland_Project_03/WonderlandProject/Content/Wonderland/Character/EnemyCharacter/Mesh/Materials/T_DoozySpecular.ubulk" 1276
"D:/Game_Projects/Projects/Wonderland_Project_03/WonderlandProject/Content/Wonderland/Character/EnemyCharacter/Mesh/Materials/T_DoozySpecular.uexp" 1277
"D:/Game_Projects/Projects/Wonderland_Project_03/WonderlandProject/Content/Wonderland/Character/EnemyCharacter/Mesh/Materials/T_DoozyGlossiness.uasset" 1278
"D:/Game_Projects/Projects/Wonderland_Project_03/WonderlandProject/Content/Wonderland/Character/EnemyCharacter/Mesh/Materials/T_DoozyGlossiness.ubulk" 1279
"D:/Game_Projects/Projects/Wonderland_Project_03/WonderlandProject/Content/Wonderland/Character/EnemyCharacter/Mesh/Materials/T_DoozyGlossiness.uexp" 1280
"D:/Game_Projects/Projects/Wonderland_Project_03/WonderlandProject/Content/Wonderland/Character/EnemyCharacter/Mesh/Materials/MAT_DoozyBody.uasset" 1281
"D:/Game_Projects/Projects/Wonderland_Project_03/WonderlandProject/Content/Wonderland/Character/EnemyCharacter/Mesh/Materials/MAT_DoozyBody.uexp" 1282
"D:/Game_Projects/Projects/Wonderland_Project_03/WonderlandProject/Content/Wonderland/Character/EnemyCharacter/Mesh/SKM_Doozy.uasset" 1283
"D:/Game_Projects/Projects/Wonderland_Project_03/WonderlandProject/Content/Wonderland/Character/EnemyCharacter/Mesh/SKM_Doozy.uexp" 1284
"D:/Game_Projects/Projects/Wonderland_Project_03/WonderlandProject/Content/Wonderland/Character/EnemyCharacter/BP_NewEnemyCharacter.uasset" 1285
"D:/Game_Projects/Projects/Wonderland_Project_03/WonderlandProject/Content/Wonderland/Character/EnemyCharacter/BP_NewEnemyCharacter.uexp" 1286
"D:/Game_Projects/Projects/Wonderland_Project_03/WonderlandProject/Content/Assets/Emberlight/Textures/Foliage/TreeStump_Normal_T.uasset" 1287
"D:/Game_Projects/Projects/Wonderland_Project_03/WonderlandProject/Content/Assets/Emberlight/Textures/Foliage/TreeStump_Normal_T.ubulk" 1288
"D:/Game_Projects/Projects/Wonderland_Project_03/WonderlandProject/Content/Assets/Emberlight/Textures/Foliage/TreeStump_Normal_T.uexp" 1289
"D:/Game_Projects/Projects/Wonderland_Project_03/WonderlandProject/Content/Assets/Emberlight/Textures/Foliage/TreeStump_Basecolor_T.uasset" 1290
"D:/Game_Projects/Projects/Wonderland_Project_03/WonderlandProject/Content/Assets/Emberlight/Textures/Foliage/TreeStump_Basecolor_T.ubulk" 1291
"D:/Game_Projects/Projects/Wonderland_Project_03/WonderlandProject/Content/Assets/Emberlight/Textures/Foliage/TreeStump_Basecolor_T.uexp" 1292
"D:/Game_Projects/Projects/Wonderland_Project_03/WonderlandProject/Content/Assets/Emberlight/Materials/Foliage/Treebody_M.uasset" 1293
"D:/Game_Projects/Projects/Wonderland_Project_03/WonderlandProject/Content/Assets/Emberlight/Materials/Foliage/Treebody_M.uexp" 1294
"D:/Game_Projects/Projects/Wonderland_Project_03/WonderlandProject/Content/Assets/Emberlight/Meshes/Foliage/TreeStump_SM.uasset" 1295
"D:/Game_Projects/Projects/Wonderland_Project_03/WonderlandProject/Content/Assets/Emberlight/Meshes/Foliage/TreeStump_SM.ubulk" 1296
"D:/Game_Projects/Projects/Wonderland_Project_03/WonderlandProject/Content/Assets/Emberlight/Meshes/Foliage/TreeStump_SM.uexp" 1297
"D:/Game_Projects/Projects/Wonderland_Project_03/WonderlandProject/Content/Assets/Emberlight/Maps/CampPack_Level_sharedassets/Soil_Light_LL.uasset" 1298
"D:/Game_Projects/Projects/Wonderland_Project_03/WonderlandProject/Content/Assets/Emberlight/Maps/CampPack_Level_sharedassets/Soil_Light_LL.uexp" 1299
"D:/Game_Projects/Projects/Wonderland_Project_03/WonderlandProject/Content/Assets/Emberlight/Textures/Terrain/Soil_Normal_T.uasset" 1300
"D:/Game_Projects/Projects/Wonderland_Project_03/WonderlandProject/Content/Assets/Emberlight/Textures/Terrain/Soil_Normal_T.ubulk" 1301
"D:/Game_Projects/Projects/Wonderland_Project_03/WonderlandProject/Content/Assets/Emberlight/Textures/Terrain/Soil_Normal_T.uexp" 1302
"../../../Engine/Content/EngineMaterials/WeightMapPlaceholderTexture.uasset" 1303
"../../../Engine/Content/EngineMaterials/WeightMapPlaceholderTexture.uexp" 1304
"../../../Engine/Content/EngineMaterials/WeightMapArrayPlaceholderTexture.uasset" 1305
"../../../Engine/Content/EngineMaterials/WeightMapArrayPlaceholderTexture.uexp" 1306
"D:/Game_Projects/Projects/Wonderland_Project_03/WonderlandProject/Content/Assets/Emberlight/Textures/Terrain/Grass_Basecolor_T.uasset" 1307
"D:/Game_Projects/Projects/Wonderland_Project_03/WonderlandProject/Content/Assets/Emberlight/Textures/Terrain/Grass_Basecolor_T.ubulk" 1308
"D:/Game_Projects/Projects/Wonderland_Project_03/WonderlandProject/Content/Assets/Emberlight/Textures/Terrain/Grass_Basecolor_T.uexp" 1309
"D:/Game_Projects/Projects/Wonderland_Project_03/WonderlandProject/Content/Assets/Emberlight/Textures/Terrain/GrassSoil_Roughness_T.uasset" 1310
"D:/Game_Projects/Projects/Wonderland_Project_03/WonderlandProject/Content/Assets/Emberlight/Textures/Terrain/GrassSoil_Roughness_T.ubulk" 1311
"D:/Game_Projects/Projects/Wonderland_Project_03/WonderlandProject/Content/Assets/Emberlight/Textures/Terrain/GrassSoil_Roughness_T.uexp" 1312
"D:/Game_Projects/Projects/Wonderland_Project_03/WonderlandProject/Content/Assets/Emberlight/Textures/Terrain/Soil_Roughness_T.uasset" 1313
"D:/Game_Projects/Projects/Wonderland_Project_03/WonderlandProject/Content/Assets/Emberlight/Textures/Terrain/Soil_Roughness_T.ubulk" 1314
"D:/Game_Projects/Projects/Wonderland_Project_03/WonderlandProject/Content/Assets/Emberlight/Textures/Terrain/Soil_Roughness_T.uexp" 1315
"D:/Game_Projects/Projects/Wonderland_Project_03/WonderlandProject/Content/Assets/Emberlight/Textures/Terrain/Soil_Light_Basecolor_T.uasset" 1316
"D:/Game_Projects/Projects/Wonderland_Project_03/WonderlandProject/Content/Assets/Emberlight/Textures/Terrain/Soil_Light_Basecolor_T.ubulk" 1317
"D:/Game_Projects/Projects/Wonderland_Project_03/WonderlandProject/Content/Assets/Emberlight/Textures/Terrain/Soil_Light_Basecolor_T.uexp" 1318
"D:/Game_Projects/Projects/Wonderland_Project_03/WonderlandProject/Content/Assets/Emberlight/Textures/Terrain/Grass_Normal_T.uasset" 1319
"D:/Game_Projects/Projects/Wonderland_Project_03/WonderlandProject/Content/Assets/Emberlight/Textures/Terrain/Grass_Normal_T.ubulk" 1320
"D:/Game_Projects/Projects/Wonderland_Project_03/WonderlandProject/Content/Assets/Emberlight/Textures/Terrain/Grass_Normal_T.uexp" 1321
"D:/Game_Projects/Projects/Wonderland_Project_03/WonderlandProject/Content/Assets/Emberlight/Textures/Terrain/CliffTerrain_Roughness_T.uasset" 1322
"D:/Game_Projects/Projects/Wonderland_Project_03/WonderlandProject/Content/Assets/Emberlight/Textures/Terrain/CliffTerrain_Roughness_T.ubulk" 1323
"D:/Game_Projects/Projects/Wonderland_Project_03/WonderlandProject/Content/Assets/Emberlight/Textures/Terrain/CliffTerrain_Roughness_T.uexp" 1324
"D:/Game_Projects/Projects/Wonderland_Project_03/WonderlandProject/Content/Assets/Emberlight/Textures/Terrain/Cliff_Normal_T.uasset" 1325
"D:/Game_Projects/Projects/Wonderland_Project_03/WonderlandProject/Content/Assets/Emberlight/Textures/Terrain/Cliff_Normal_T.ubulk" 1326
"D:/Game_Projects/Projects/Wonderland_Project_03/WonderlandProject/Content/Assets/Emberlight/Textures/Terrain/Cliff_Normal_T.uexp" 1327
"D:/Game_Projects/Projects/Wonderland_Project_03/WonderlandProject/Content/Assets/Emberlight/Textures/Terrain/Grass_Roughness_T.uasset" 1328
"D:/Game_Projects/Projects/Wonderland_Project_03/WonderlandProject/Content/Assets/Emberlight/Textures/Terrain/Grass_Roughness_T.ubulk" 1329
"D:/Game_Projects/Projects/Wonderland_Project_03/WonderlandProject/Content/Assets/Emberlight/Textures/Terrain/Grass_Roughness_T.uexp" 1330
"D:/Game_Projects/Projects/Wonderland_Project_03/WonderlandProject/Content/Assets/Emberlight/Textures/Terrain/CliffTerrain_Basecolor_T.uasset" 1331
"D:/Game_Projects/Projects/Wonderland_Project_03/WonderlandProject/Content/Assets/Emberlight/Textures/Terrain/CliffTerrain_Basecolor_T.ubulk" 1332
"D:/Game_Projects/Projects/Wonderland_Project_03/WonderlandProject/Content/Assets/Emberlight/Textures/Terrain/CliffTerrain_Basecolor_T.uexp" 1333
"D:/Game_Projects/Projects/Wonderland_Project_03/WonderlandProject/Content/Assets/Emberlight/Textures/Terrain/GrassSoil_Basecolor_T.uasset" 1334
"D:/Game_Projects/Projects/Wonderland_Project_03/WonderlandProject/Content/Assets/Emberlight/Textures/Terrain/GrassSoil_Basecolor_T.ubulk" 1335
"D:/Game_Projects/Projects/Wonderland_Project_03/WonderlandProject/Content/Assets/Emberlight/Textures/Terrain/GrassSoil_Basecolor_T.uexp" 1336
"D:/Game_Projects/Projects/Wonderland_Project_03/WonderlandProject/Content/Assets/Emberlight/Textures/Terrain/GrassSoil_Normal_T.uasset" 1337
"D:/Game_Projects/Projects/Wonderland_Project_03/WonderlandProject/Content/Assets/Emberlight/Textures/Terrain/GrassSoil_Normal_T.ubulk" 1338
"D:/Game_Projects/Projects/Wonderland_Project_03/WonderlandProject/Content/Assets/Emberlight/Textures/Terrain/GrassSoil_Normal_T.uexp" 1339
"D:/Game_Projects/Projects/Wonderland_Project_03/WonderlandProject/Content/Assets/Emberlight/Textures/Terrain/Soil_Basecolor_T.uasset" 1340
"D:/Game_Projects/Projects/Wonderland_Project_03/WonderlandProject/Content/Assets/Emberlight/Textures/Terrain/Soil_Basecolor_T.ubulk" 1341
"D:/Game_Projects/Projects/Wonderland_Project_03/WonderlandProject/Content/Assets/Emberlight/Textures/Terrain/Soil_Basecolor_T.uexp" 1342
"D:/Game_Projects/Projects/Wonderland_Project_03/WonderlandProject/Content/Assets/Emberlight/Materials/Terrain/Terrain_M.uasset" 1343
"D:/Game_Projects/Projects/Wonderland_Project_03/WonderlandProject/Content/Assets/Emberlight/Materials/Terrain/Terrain_M.uexp" 1344
"D:/Game_Projects/Projects/Wonderland_Project_03/WonderlandProject/Content/Assets/Emberlight/Materials/Terrain/Terrain_MI.uasset" 1345
"D:/Game_Projects/Projects/Wonderland_Project_03/WonderlandProject/Content/Assets/Emberlight/Materials/Terrain/Terrain_MI.uexp" 1346
"D:/Game_Projects/Projects/Wonderland_Project_03/WonderlandProject/Content/Assets/Emberlight/Textures/Props/Crate_BaseColor_T.uasset" 1347
"D:/Game_Projects/Projects/Wonderland_Project_03/WonderlandProject/Content/Assets/Emberlight/Textures/Props/Crate_BaseColor_T.ubulk" 1348
"D:/Game_Projects/Projects/Wonderland_Project_03/WonderlandProject/Content/Assets/Emberlight/Textures/Props/Crate_BaseColor_T.uexp" 1349
"D:/Game_Projects/Projects/Wonderland_Project_03/WonderlandProject/Content/Assets/Emberlight/Materials/Props/Crate_M.uasset" 1350
"D:/Game_Projects/Projects/Wonderland_Project_03/WonderlandProject/Content/Assets/Emberlight/Materials/Props/Crate_M.uexp" 1351
"D:/Game_Projects/Projects/Wonderland_Project_03/WonderlandProject/Content/Assets/Emberlight/Meshes/Props/Crate_SM.uasset" 1352
"D:/Game_Projects/Projects/Wonderland_Project_03/WonderlandProject/Content/Assets/Emberlight/Meshes/Props/Crate_SM.ubulk" 1353
"D:/Game_Projects/Projects/Wonderland_Project_03/WonderlandProject/Content/Assets/Emberlight/Meshes/Props/Crate_SM.uexp" 1354
"D:/Game_Projects/Projects/Wonderland_Project_03/WonderlandProject/Content/Assets/Emberlight/Textures/Trees/Tree10_Leaf_Basecolor_T.uasset" 1355
"D:/Game_Projects/Projects/Wonderland_Project_03/WonderlandProject/Content/Assets/Emberlight/Textures/Trees/Tree10_Leaf_Basecolor_T.ubulk" 1356
"D:/Game_Projects/Projects/Wonderland_Project_03/WonderlandProject/Content/Assets/Emberlight/Textures/Trees/Tree10_Leaf_Basecolor_T.uexp" 1357
"D:/Game_Projects/Projects/Wonderland_Project_03/WonderlandProject/Content/Assets/Emberlight/Materials/Trees/Tree10_Leaf_M.uasset" 1358
"D:/Game_Projects/Projects/Wonderland_Project_03/WonderlandProject/Content/Assets/Emberlight/Materials/Trees/Tree10_Leaf_M.uexp" 1359
"D:/Game_Projects/Projects/Wonderland_Project_03/WonderlandProject/Content/Assets/Emberlight/Textures/Trees/Tree10_Elm_Roughness_T.uasset" 1360
"D:/Game_Projects/Projects/Wonderland_Project_03/WonderlandProject/Content/Assets/Emberlight/Textures/Trees/Tree10_Elm_Roughness_T.ubulk" 1361
"D:/Game_Projects/Projects/Wonderland_Project_03/WonderlandProject/Content/Assets/Emberlight/Textures/Trees/Tree10_Elm_Roughness_T.uexp" 1362
"D:/Game_Projects/Projects/Wonderland_Project_03/WonderlandProject/Content/Assets/Emberlight/Textures/Trees/Tree10_Elm_Normal_T.uasset" 1363
"D:/Game_Projects/Projects/Wonderland_Project_03/WonderlandProject/Content/Assets/Emberlight/Textures/Trees/Tree10_Elm_Normal_T.ubulk" 1364
"D:/Game_Projects/Projects/Wonderland_Project_03/WonderlandProject/Content/Assets/Emberlight/Textures/Trees/Tree10_Elm_Normal_T.uexp" 1365
"D:/Game_Projects/Projects/Wonderland_Project_03/WonderlandProject/Content/Assets/Emberlight/Textures/Trees/Tree10_Elm_Basecolor_T.uasset" 1366
"D:/Game_Projects/Projects/Wonderland_Project_03/WonderlandProject/Content/Assets/Emberlight/Textures/Trees/Tree10_Elm_Basecolor_T.ubulk" 1367
"D:/Game_Projects/Projects/Wonderland_Project_03/WonderlandProject/Content/Assets/Emberlight/Textures/Trees/Tree10_Elm_Basecolor_T.uexp" 1368
"D:/Game_Projects/Projects/Wonderland_Project_03/WonderlandProject/Content/Assets/Emberlight/Materials/Trees/Tree10_Elm_M.uasset" 1369
"D:/Game_Projects/Projects/Wonderland_Project_03/WonderlandProject/Content/Assets/Emberlight/Materials/Trees/Tree10_Elm_M.uexp" 1370
"D:/Game_Projects/Projects/Wonderland_Project_03/WonderlandProject/Content/Assets/Emberlight/Meshes/Trees/Tree10_Elm_SM.uasset" 1371
"D:/Game_Projects/Projects/Wonderland_Project_03/WonderlandProject/Content/Assets/Emberlight/Meshes/Trees/Tree10_Elm_SM.ubulk" 1372
"D:/Game_Projects/Projects/Wonderland_Project_03/WonderlandProject/Content/Assets/Emberlight/Meshes/Trees/Tree10_Elm_SM.uexp" 1373
"D:/Game_Projects/Projects/Wonderland_Project_03/WonderlandProject/Content/Assets/Emberlight/FoliageMeshes/Bush01_SMF.uasset" 1374
"D:/Game_Projects/Projects/Wonderland_Project_03/WonderlandProject/Content/Assets/Emberlight/FoliageMeshes/Bush01_SMF.uexp" 1375
"D:/Game_Projects/Projects/Wonderland_Project_03/WonderlandProject/Content/Assets/Emberlight/FoliageMeshes/Tree05_SMF.uasset" 1376
"D:/Game_Projects/Projects/Wonderland_Project_03/WonderlandProject/Content/Assets/Emberlight/FoliageMeshes/Tree05_SMF.uexp" 1377
"D:/Game_Projects/Projects/Wonderland_Project_03/WonderlandProject/Content/Assets/Emberlight/Textures/Rocks/Rock04_Basecolor_T.uasset" 1378
"D:/Game_Projects/Projects/Wonderland_Project_03/WonderlandProject/Content/Assets/Emberlight/Textures/Rocks/Rock04_Basecolor_T.ubulk" 1379
"D:/Game_Projects/Projects/Wonderland_Project_03/WonderlandProject/Content/Assets/Emberlight/Textures/Rocks/Rock04_Basecolor_T.uexp" 1380
"D:/Game_Projects/Projects/Wonderland_Project_03/WonderlandProject/Content/Assets/Emberlight/Textures/Rocks/Rock04_Normal_T.uasset" 1381
"D:/Game_Projects/Projects/Wonderland_Project_03/WonderlandProject/Content/Assets/Emberlight/Textures/Rocks/Rock04_Normal_T.ubulk" 1382
"D:/Game_Projects/Projects/Wonderland_Project_03/WonderlandProject/Content/Assets/Emberlight/Textures/Rocks/Rock04_Normal_T.uexp" 1383
"D:/Game_Projects/Projects/Wonderland_Project_03/WonderlandProject/Content/Assets/Emberlight/Materials/Rocks/Rock04_MI.uasset" 1384
"D:/Game_Projects/Projects/Wonderland_Project_03/WonderlandProject/Content/Assets/Emberlight/Materials/Rocks/Rock04_MI.uexp" 1385
"D:/Game_Projects/Projects/Wonderland_Project_03/WonderlandProject/Content/Assets/Emberlight/Meshes/Rocks/Rock04_SM.uasset" 1386
"D:/Game_Projects/Projects/Wonderland_Project_03/WonderlandProject/Content/Assets/Emberlight/Meshes/Rocks/Rock04_SM.ubulk" 1387
"D:/Game_Projects/Projects/Wonderland_Project_03/WonderlandProject/Content/Assets/Emberlight/Meshes/Rocks/Rock04_SM.uexp" 1388
"D:/Game_Projects/Projects/Wonderland_Project_03/WonderlandProject/Content/Assets/Emberlight/Meshes/Foliage/WaterFlower_SM.uasset" 1389
"D:/Game_Projects/Projects/Wonderland_Project_03/WonderlandProject/Content/Assets/Emberlight/Meshes/Foliage/WaterFlower_SM.ubulk" 1390
"D:/Game_Projects/Projects/Wonderland_Project_03/WonderlandProject/Content/Assets/Emberlight/Meshes/Foliage/WaterFlower_SM.uexp" 1391
"D:/Game_Projects/Projects/Wonderland_Project_03/WonderlandProject/Content/Assets/Emberlight/Meshes/Foliage/WaterLily_SM.uasset" 1392
"D:/Game_Projects/Projects/Wonderland_Project_03/WonderlandProject/Content/Assets/Emberlight/Meshes/Foliage/WaterLily_SM.ubulk" 1393
"D:/Game_Projects/Projects/Wonderland_Project_03/WonderlandProject/Content/Assets/Emberlight/Meshes/Foliage/WaterLily_SM.uexp" 1394
"D:/Game_Projects/Projects/Wonderland_Project_03/WonderlandProject/Content/Assets/Emberlight/FoliageMeshes/DryPlant01_SMF.uasset" 1395
"D:/Game_Projects/Projects/Wonderland_Project_03/WonderlandProject/Content/Assets/Emberlight/FoliageMeshes/DryPlant01_SMF.uexp" 1396
"../../../Engine/Content/MapTemplates/Sky/DaylightAmbientCubemap.uasset" 1397
"../../../Engine/Content/MapTemplates/Sky/DaylightAmbientCubemap.uexp" 1398
"D:/Game_Projects/Projects/Wonderland_Project_03/WonderlandProject/Content/Assets/Emberlight/Textures/Props/Compass_Metallic_T.uasset" 1399
"D:/Game_Projects/Projects/Wonderland_Project_03/WonderlandProject/Content/Assets/Emberlight/Textures/Props/Compass_Metallic_T.ubulk" 1400
"D:/Game_Projects/Projects/Wonderland_Project_03/WonderlandProject/Content/Assets/Emberlight/Textures/Props/Compass_Metallic_T.uexp" 1401
"D:/Game_Projects/Projects/Wonderland_Project_03/WonderlandProject/Content/Assets/Emberlight/Textures/Props/Compass_Basecolor_T.uasset" 1402
"D:/Game_Projects/Projects/Wonderland_Project_03/WonderlandProject/Content/Assets/Emberlight/Textures/Props/Compass_Basecolor_T.ubulk" 1403
"D:/Game_Projects/Projects/Wonderland_Project_03/WonderlandProject/Content/Assets/Emberlight/Textures/Props/Compass_Basecolor_T.uexp" 1404
"D:/Game_Projects/Projects/Wonderland_Project_03/WonderlandProject/Content/Assets/Emberlight/Textures/Props/Compass_Roughness_T.uasset" 1405
"D:/Game_Projects/Projects/Wonderland_Project_03/WonderlandProject/Content/Assets/Emberlight/Textures/Props/Compass_Roughness_T.ubulk" 1406
"D:/Game_Projects/Projects/Wonderland_Project_03/WonderlandProject/Content/Assets/Emberlight/Textures/Props/Compass_Roughness_T.uexp" 1407
"D:/Game_Projects/Projects/Wonderland_Project_03/WonderlandProject/Content/Assets/Emberlight/Materials/Props/Compass_M.uasset" 1408
"D:/Game_Projects/Projects/Wonderland_Project_03/WonderlandProject/Content/Assets/Emberlight/Materials/Props/Compass_M.uexp" 1409
"D:/Game_Projects/Projects/Wonderland_Project_03/WonderlandProject/Content/Assets/Emberlight/Meshes/Props/Compass/CompassDirection_SM.uasset" 1410
"D:/Game_Projects/Projects/Wonderland_Project_03/WonderlandProject/Content/Assets/Emberlight/Meshes/Props/Compass/CompassDirection_SM.ubulk" 1411
"D:/Game_Projects/Projects/Wonderland_Project_03/WonderlandProject/Content/Assets/Emberlight/Meshes/Props/Compass/CompassDirection_SM.uexp" 1412
"D:/Game_Projects/Projects/Wonderland_Project_03/WonderlandProject/Content/Assets/Emberlight/FoliageMeshes/DryPlant02_SMF.uasset" 1413
"D:/Game_Projects/Projects/Wonderland_Project_03/WonderlandProject/Content/Assets/Emberlight/FoliageMeshes/DryPlant02_SMF.uexp" 1414
"D:/Game_Projects/Projects/Wonderland_Project_03/WonderlandProject/Content/Assets/Emberlight/Textures/Foliage/GrassGroup_Basecolor_T.uasset" 1415
"D:/Game_Projects/Projects/Wonderland_Project_03/WonderlandProject/Content/Assets/Emberlight/Textures/Foliage/GrassGroup_Basecolor_T.ubulk" 1416
"D:/Game_Projects/Projects/Wonderland_Project_03/WonderlandProject/Content/Assets/Emberlight/Textures/Foliage/GrassGroup_Basecolor_T.uexp" 1417
"D:/Game_Projects/Projects/Wonderland_Project_03/WonderlandProject/Content/Assets/Emberlight/Materials/Foliage/GrassPlane_M.uasset" 1418
"D:/Game_Projects/Projects/Wonderland_Project_03/WonderlandProject/Content/Assets/Emberlight/Materials/Foliage/GrassPlane_M.uexp" 1419
"D:/Game_Projects/Projects/Wonderland_Project_03/WonderlandProject/Content/Assets/Emberlight/Meshes/Foliage/GrassPlaneGroup_SM.uasset" 1420
"D:/Game_Projects/Projects/Wonderland_Project_03/WonderlandProject/Content/Assets/Emberlight/Meshes/Foliage/GrassPlaneGroup_SM.ubulk" 1421
"D:/Game_Projects/Projects/Wonderland_Project_03/WonderlandProject/Content/Assets/Emberlight/Meshes/Foliage/GrassPlaneGroup_SM.uexp" 1422
"D:/Game_Projects/Projects/Wonderland_Project_03/WonderlandProject/Content/Assets/Emberlight/Textures/Rocks/Rock03_Basecolor_T.uasset" 1423
"D:/Game_Projects/Projects/Wonderland_Project_03/WonderlandProject/Content/Assets/Emberlight/Textures/Rocks/Rock03_Basecolor_T.ubulk" 1424
"D:/Game_Projects/Projects/Wonderland_Project_03/WonderlandProject/Content/Assets/Emberlight/Textures/Rocks/Rock03_Basecolor_T.uexp" 1425
"D:/Game_Projects/Projects/Wonderland_Project_03/WonderlandProject/Content/Assets/Emberlight/Textures/Rocks/Rock03_Normal_T.uasset" 1426
"D:/Game_Projects/Projects/Wonderland_Project_03/WonderlandProject/Content/Assets/Emberlight/Textures/Rocks/Rock03_Normal_T.ubulk" 1427
"D:/Game_Projects/Projects/Wonderland_Project_03/WonderlandProject/Content/Assets/Emberlight/Textures/Rocks/Rock03_Normal_T.uexp" 1428
"D:/Game_Projects/Projects/Wonderland_Project_03/WonderlandProject/Content/Assets/Emberlight/Materials/Rocks/Rock03_MI.uasset" 1429
"D:/Game_Projects/Projects/Wonderland_Project_03/WonderlandProject/Content/Assets/Emberlight/Materials/Rocks/Rock03_MI.uexp" 1430
"D:/Game_Projects/Projects/Wonderland_Project_03/WonderlandProject/Content/Assets/Emberlight/Meshes/Rocks/Rock03_SM.uasset" 1431
"D:/Game_Projects/Projects/Wonderland_Project_03/WonderlandProject/Content/Assets/Emberlight/Meshes/Rocks/Rock03_SM.ubulk" 1432
"D:/Game_Projects/Projects/Wonderland_Project_03/WonderlandProject/Content/Assets/Emberlight/Meshes/Rocks/Rock03_SM.uexp" 1433
"D:/Game_Projects/Projects/Wonderland_Project_03/WonderlandProject/Content/Assets/Emberlight/Textures/Props/Axe_BaseColor_T.uasset" 1434
"D:/Game_Projects/Projects/Wonderland_Project_03/WonderlandProject/Content/Assets/Emberlight/Textures/Props/Axe_BaseColor_T.ubulk" 1435
"D:/Game_Projects/Projects/Wonderland_Project_03/WonderlandProject/Content/Assets/Emberlight/Textures/Props/Axe_BaseColor_T.uexp" 1436
"D:/Game_Projects/Projects/Wonderland_Project_03/WonderlandProject/Content/Assets/Emberlight/Materials/Props/Axe_M.uasset" 1437
"D:/Game_Projects/Projects/Wonderland_Project_03/WonderlandProject/Content/Assets/Emberlight/Materials/Props/Axe_M.uexp" 1438
"D:/Game_Projects/Projects/Wonderland_Project_03/WonderlandProject/Content/Assets/Emberlight/Meshes/Props/Axe_SM.uasset" 1439
"D:/Game_Projects/Projects/Wonderland_Project_03/WonderlandProject/Content/Assets/Emberlight/Meshes/Props/Axe_SM.ubulk" 1440
"D:/Game_Projects/Projects/Wonderland_Project_03/WonderlandProject/Content/Assets/Emberlight/Meshes/Props/Axe_SM.uexp" 1441
"D:/Game_Projects/Projects/Wonderland_Project_03/WonderlandProject/Content/Assets/Emberlight/FoliageMeshes/Plant02_SMF.uasset" 1442
"D:/Game_Projects/Projects/Wonderland_Project_03/WonderlandProject/Content/Assets/Emberlight/FoliageMeshes/Plant02_SMF.uexp" 1443
"D:/Game_Projects/Projects/Wonderland_Project_03/WonderlandProject/Content/Assets/Emberlight/Textures/Trees/Tree08_Oak_Normal_T.uasset" 1444
"D:/Game_Projects/Projects/Wonderland_Project_03/WonderlandProject/Content/Assets/Emberlight/Textures/Trees/Tree08_Oak_Normal_T.ubulk" 1445
"D:/Game_Projects/Projects/Wonderland_Project_03/WonderlandProject/Content/Assets/Emberlight/Textures/Trees/Tree08_Oak_Normal_T.uexp" 1446
"D:/Game_Projects/Projects/Wonderland_Project_03/WonderlandProject/Content/Assets/Emberlight/Textures/Trees/Tree08_Oak_Roughness_T.uasset" 1447
"D:/Game_Projects/Projects/Wonderland_Project_03/WonderlandProject/Content/Assets/Emberlight/Textures/Trees/Tree08_Oak_Roughness_T.ubulk" 1448
"D:/Game_Projects/Projects/Wonderland_Project_03/WonderlandProject/Content/Assets/Emberlight/Textures/Trees/Tree08_Oak_Roughness_T.uexp" 1449
"D:/Game_Projects/Projects/Wonderland_Project_03/WonderlandProject/Content/Assets/Emberlight/Textures/Trees/Tree08_Oak_Basecolor_T.uasset" 1450
"D:/Game_Projects/Projects/Wonderland_Project_03/WonderlandProject/Content/Assets/Emberlight/Textures/Trees/Tree08_Oak_Basecolor_T.ubulk" 1451
"D:/Game_Projects/Projects/Wonderland_Project_03/WonderlandProject/Content/Assets/Emberlight/Textures/Trees/Tree08_Oak_Basecolor_T.uexp" 1452
"D:/Game_Projects/Projects/Wonderland_Project_03/WonderlandProject/Content/Assets/Emberlight/Materials/Trees/Tree08_Oak_M.uasset" 1453
"D:/Game_Projects/Projects/Wonderland_Project_03/WonderlandProject/Content/Assets/Emberlight/Materials/Trees/Tree08_Oak_M.uexp" 1454
"D:/Game_Projects/Projects/Wonderland_Project_03/WonderlandProject/Content/Assets/Emberlight/Materials/Trees/Tree08_OakLeaf_M.uasset" 1455
"D:/Game_Projects/Projects/Wonderland_Project_03/WonderlandProject/Content/Assets/Emberlight/Materials/Trees/Tree08_OakLeaf_M.uexp" 1456
"D:/Game_Projects/Projects/Wonderland_Project_03/WonderlandProject/Content/Assets/Emberlight/Meshes/Trees/Tree08_Oak_SM.uasset" 1457
"D:/Game_Projects/Projects/Wonderland_Project_03/WonderlandProject/Content/Assets/Emberlight/Meshes/Trees/Tree08_Oak_SM.ubulk" 1458
"D:/Game_Projects/Projects/Wonderland_Project_03/WonderlandProject/Content/Assets/Emberlight/Meshes/Trees/Tree08_Oak_SM.uexp" 1459
"D:/Game_Projects/Projects/Wonderland_Project_03/WonderlandProject/Content/Assets/Emberlight/Textures/SharedTextures/Cloud_T.uasset" 1460
"D:/Game_Projects/Projects/Wonderland_Project_03/WonderlandProject/Content/Assets/Emberlight/Textures/SharedTextures/Cloud_T.ubulk" 1461
"D:/Game_Projects/Projects/Wonderland_Project_03/WonderlandProject/Content/Assets/Emberlight/Textures/SharedTextures/Cloud_T.uexp" 1462
"D:/Game_Projects/Projects/Wonderland_Project_03/WonderlandProject/Content/Assets/Emberlight/Materials/Effects/SmokeEffect_M.uasset" 1463
"D:/Game_Projects/Projects/Wonderland_Project_03/WonderlandProject/Content/Assets/Emberlight/Materials/Effects/SmokeEffect_M.uexp" 1464
"D:/Game_Projects/Projects/Wonderland_Project_03/WonderlandProject/Content/Assets/Emberlight/Textures/SharedTextures/Glow_T.uasset" 1465
"D:/Game_Projects/Projects/Wonderland_Project_03/WonderlandProject/Content/Assets/Emberlight/Textures/SharedTextures/Glow_T.ubulk" 1466
"D:/Game_Projects/Projects/Wonderland_Project_03/WonderlandProject/Content/Assets/Emberlight/Textures/SharedTextures/Glow_T.uexp" 1467
"D:/Game_Projects/Projects/Wonderland_Project_03/WonderlandProject/Content/Assets/Emberlight/Materials/Effects/FireEffect_M.uasset" 1468
"D:/Game_Projects/Projects/Wonderland_Project_03/WonderlandProject/Content/Assets/Emberlight/Materials/Effects/FireEffect_M.uexp" 1469
"D:/Game_Projects/Projects/Wonderland_Project_03/WonderlandProject/Content/Assets/Emberlight/Effects/Fire_FXS.uasset" 1470
"D:/Game_Projects/Projects/Wonderland_Project_03/WonderlandProject/Content/Assets/Emberlight/Effects/Fire_FXS.uexp" 1471
"D:/Game_Projects/Projects/Wonderland_Project_03/WonderlandProject/Content/Assets/Emberlight/Meshes/Foliage/FlowerGroupBlue_SM.uasset" 1472
"D:/Game_Projects/Projects/Wonderland_Project_03/WonderlandProject/Content/Assets/Emberlight/Meshes/Foliage/FlowerGroupBlue_SM.ubulk" 1473
"D:/Game_Projects/Projects/Wonderland_Project_03/WonderlandProject/Content/Assets/Emberlight/Meshes/Foliage/FlowerGroupBlue_SM.uexp" 1474
"D:/Game_Projects/Projects/Wonderland_Project_03/WonderlandProject/Content/Assets/Emberlight/Meshes/Foliage/GrassPiece01_SM.uasset" 1475
"D:/Game_Projects/Projects/Wonderland_Project_03/WonderlandProject/Content/Assets/Emberlight/Meshes/Foliage/GrassPiece01_SM.ubulk" 1476
"D:/Game_Projects/Projects/Wonderland_Project_03/WonderlandProject/Content/Assets/Emberlight/Meshes/Foliage/GrassPiece01_SM.uexp" 1477
"D:/Game_Projects/Projects/Wonderland_Project_03/WonderlandProject/Content/Assets/Emberlight/Textures/Foliage/WoodStick01_Tree_BaseColor_T.uasset" 1478
"D:/Game_Projects/Projects/Wonderland_Project_03/WonderlandProject/Content/Assets/Emberlight/Textures/Foliage/WoodStick01_Tree_BaseColor_T.ubulk" 1479
"D:/Game_Projects/Projects/Wonderland_Project_03/WonderlandProject/Content/Assets/Emberlight/Textures/Foliage/WoodStick01_Tree_BaseColor_T.uexp" 1480
"D:/Game_Projects/Projects/Wonderland_Project_03/WonderlandProject/Content/Assets/Emberlight/Materials/Foliage/Woodstick01_M.uasset" 1481
"D:/Game_Projects/Projects/Wonderland_Project_03/WonderlandProject/Content/Assets/Emberlight/Materials/Foliage/Woodstick01_M.uexp" 1482
"D:/Game_Projects/Projects/Wonderland_Project_03/WonderlandProject/Content/Assets/Emberlight/Meshes/Foliage/WoodStick01_SM.uasset" 1483
"D:/Game_Projects/Projects/Wonderland_Project_03/WonderlandProject/Content/Assets/Emberlight/Meshes/Foliage/WoodStick01_SM.ubulk" 1484
"D:/Game_Projects/Projects/Wonderland_Project_03/WonderlandProject/Content/Assets/Emberlight/Meshes/Foliage/WoodStick01_SM.uexp" 1485
"../../../Engine/Content/EngineSky/C_Sky_Horizon_Color.uasset" 1486
"../../../Engine/Content/EngineSky/C_Sky_Horizon_Color.uexp" 1487
"../../../Engine/Content/EngineSky/T_Sky_Stars.uasset" 1488
"../../../Engine/Content/EngineSky/T_Sky_Stars.ubulk" 1489
"../../../Engine/Content/EngineSky/T_Sky_Stars.uexp" 1490
"../../../Engine/Content/EngineSky/T_Sky_Clouds_M.uasset" 1491
"../../../Engine/Content/EngineSky/T_Sky_Clouds_M.ubulk" 1492
"../../../Engine/Content/EngineSky/T_Sky_Clouds_M.uexp" 1493
"../../../Engine/Content/EngineSky/T_Sky_Blue.uasset" 1494
"../../../Engine/Content/EngineSky/T_Sky_Blue.ubulk" 1495
"../../../Engine/Content/EngineSky/T_Sky_Blue.uexp" 1496
"../../../Engine/Content/EngineSky/M_Sky_Panning_Clouds2.uasset" 1497
"../../../Engine/Content/EngineSky/M_Sky_Panning_Clouds2.uexp" 1498
"../../../Engine/Content/EngineSky/SM_SkySphere.uasset" 1499
"../../../Engine/Content/EngineSky/SM_SkySphere.ubulk" 1500
"../../../Engine/Content/EngineSky/SM_SkySphere.uexp" 1501
"../../../Engine/Content/EngineSky/C_Sky_Cloud_Color.uasset" 1502
"../../../Engine/Content/EngineSky/C_Sky_Cloud_Color.uexp" 1503
"../../../Engine/Content/EngineSky/C_Sky_Zenith_Color.uasset" 1504
"../../../Engine/Content/EngineSky/C_Sky_Zenith_Color.uexp" 1505
"../../../Engine/Content/EngineSky/BP_Sky_Sphere.uasset" 1506
"../../../Engine/Content/EngineSky/BP_Sky_Sphere.uexp" 1507
"D:/Game_Projects/Projects/Wonderland_Project_03/WonderlandProject/Content/Assets/Emberlight/FoliageMeshes/Tree11_SMF.uasset" 1508
"D:/Game_Projects/Projects/Wonderland_Project_03/WonderlandProject/Content/Assets/Emberlight/FoliageMeshes/Tree11_SMF.uexp" 1509
"D:/Game_Projects/Projects/Wonderland_Project_03/WonderlandProject/Content/Assets/Emberlight/Textures/Foliage/Foliage01_Basecolor_T.uasset" 1510
"D:/Game_Projects/Projects/Wonderland_Project_03/WonderlandProject/Content/Assets/Emberlight/Textures/Foliage/Foliage01_Basecolor_T.ubulk" 1511
"D:/Game_Projects/Projects/Wonderland_Project_03/WonderlandProject/Content/Assets/Emberlight/Textures/Foliage/Foliage01_Basecolor_T.uexp" 1512
"D:/Game_Projects/Projects/Wonderland_Project_03/WonderlandProject/Content/Assets/Emberlight/Textures/Foliage/Foliage01_Normal_T.uasset" 1513
"D:/Game_Projects/Projects/Wonderland_Project_03/WonderlandProject/Content/Assets/Emberlight/Textures/Foliage/Foliage01_Normal_T.ubulk" 1514
"D:/Game_Projects/Projects/Wonderland_Project_03/WonderlandProject/Content/Assets/Emberlight/Textures/Foliage/Foliage01_Normal_T.uexp" 1515
"D:/Game_Projects/Projects/Wonderland_Project_03/WonderlandProject/Content/Assets/Emberlight/Materials/Foliage/Foliage01_M.uasset" 1516
"D:/Game_Projects/Projects/Wonderland_Project_03/WonderlandProject/Content/Assets/Emberlight/Materials/Foliage/Foliage01_M.uexp" 1517
"D:/Game_Projects/Projects/Wonderland_Project_03/WonderlandProject/Content/Assets/Emberlight/Meshes/Foliage/DryPlant03_SM.uasset" 1518
"D:/Game_Projects/Projects/Wonderland_Project_03/WonderlandProject/Content/Assets/Emberlight/Meshes/Foliage/DryPlant03_SM.ubulk" 1519
"D:/Game_Projects/Projects/Wonderland_Project_03/WonderlandProject/Content/Assets/Emberlight/Meshes/Foliage/DryPlant03_SM.uexp" 1520
"D:/Game_Projects/Projects/Wonderland_Project_03/WonderlandProject/Content/Assets/Emberlight/Textures/Props/FishingRod_Normal_T.uasset" 1521
"D:/Game_Projects/Projects/Wonderland_Project_03/WonderlandProject/Content/Assets/Emberlight/Textures/Props/FishingRod_Normal_T.ubulk" 1522
"D:/Game_Projects/Projects/Wonderland_Project_03/WonderlandProject/Content/Assets/Emberlight/Textures/Props/FishingRod_Normal_T.uexp" 1523
"D:/Game_Projects/Projects/Wonderland_Project_03/WonderlandProject/Content/Assets/Emberlight/Textures/Props/FishingRod_Roughness_T.uasset" 1524
"D:/Game_Projects/Projects/Wonderland_Project_03/WonderlandProject/Content/Assets/Emberlight/Textures/Props/FishingRod_Roughness_T.ubulk" 1525
"D:/Game_Projects/Projects/Wonderland_Project_03/WonderlandProject/Content/Assets/Emberlight/Textures/Props/FishingRod_Roughness_T.uexp" 1526
"D:/Game_Projects/Projects/Wonderland_Project_03/WonderlandProject/Content/Assets/Emberlight/Textures/Props/FishingRod_Basecolor_T.uasset" 1527
"D:/Game_Projects/Projects/Wonderland_Project_03/WonderlandProject/Content/Assets/Emberlight/Textures/Props/FishingRod_Basecolor_T.ubulk" 1528
"D:/Game_Projects/Projects/Wonderland_Project_03/WonderlandProject/Content/Assets/Emberlight/Textures/Props/FishingRod_Basecolor_T.uexp" 1529
"D:/Game_Projects/Projects/Wonderland_Project_03/WonderlandProject/Content/Assets/Emberlight/Textures/Props/FishingRod_Metallic_T.uasset" 1530
"D:/Game_Projects/Projects/Wonderland_Project_03/WonderlandProject/Content/Assets/Emberlight/Textures/Props/FishingRod_Metallic_T.ubulk" 1531
"D:/Game_Projects/Projects/Wonderland_Project_03/WonderlandProject/Content/Assets/Emberlight/Textures/Props/FishingRod_Metallic_T.uexp" 1532
"D:/Game_Projects/Projects/Wonderland_Project_03/WonderlandProject/Content/Assets/Emberlight/Materials/Props/FishingRod_M.uasset" 1533
"D:/Game_Projects/Projects/Wonderland_Project_03/WonderlandProject/Content/Assets/Emberlight/Materials/Props/FishingRod_M.uexp" 1534
"D:/Game_Projects/Projects/Wonderland_Project_03/WonderlandProject/Content/Assets/Emberlight/Meshes/Props/FishingRod/Pulley_SM.uasset" 1535
"D:/Game_Projects/Projects/Wonderland_Project_03/WonderlandProject/Content/Assets/Emberlight/Meshes/Props/FishingRod/Pulley_SM.ubulk" 1536
"D:/Game_Projects/Projects/Wonderland_Project_03/WonderlandProject/Content/Assets/Emberlight/Meshes/Props/FishingRod/Pulley_SM.uexp" 1537
"D:/Game_Projects/Projects/Wonderland_Project_03/WonderlandProject/Content/Assets/Emberlight/Meshes/Foliage/DryPlant02_SM.uasset" 1538
"D:/Game_Projects/Projects/Wonderland_Project_03/WonderlandProject/Content/Assets/Emberlight/Meshes/Foliage/DryPlant02_SM.ubulk" 1539
"D:/Game_Projects/Projects/Wonderland_Project_03/WonderlandProject/Content/Assets/Emberlight/Meshes/Foliage/DryPlant02_SM.uexp" 1540
"D:/Game_Projects/Projects/Wonderland_Project_03/WonderlandProject/Content/Assets/Emberlight/Meshes/Foliage/FlowerBlue_SM.uasset" 1541
"D:/Game_Projects/Projects/Wonderland_Project_03/WonderlandProject/Content/Assets/Emberlight/Meshes/Foliage/FlowerBlue_SM.ubulk" 1542
"D:/Game_Projects/Projects/Wonderland_Project_03/WonderlandProject/Content/Assets/Emberlight/Meshes/Foliage/FlowerBlue_SM.uexp" 1543
"D:/Game_Projects/Projects/Wonderland_Project_03/WonderlandProject/Content/Assets/Emberlight/FoliageMeshes/GrassPiece03_SMF.uasset" 1544
"D:/Game_Projects/Projects/Wonderland_Project_03/WonderlandProject/Content/Assets/Emberlight/FoliageMeshes/GrassPiece03_SMF.uexp" 1545
"D:/Game_Projects/Projects/Wonderland_Project_03/WonderlandProject/Content/Assets/Emberlight/FoliageMeshes/Rock11_SMF.uasset" 1546
"D:/Game_Projects/Projects/Wonderland_Project_03/WonderlandProject/Content/Assets/Emberlight/FoliageMeshes/Rock11_SMF.uexp" 1547
"D:/Game_Projects/Projects/Wonderland_Project_03/WonderlandProject/Content/Assets/Emberlight/Meshes/Foliage/IvyGroup_SM.uasset" 1548
"D:/Game_Projects/Projects/Wonderland_Project_03/WonderlandProject/Content/Assets/Emberlight/Meshes/Foliage/IvyGroup_SM.ubulk" 1549
"D:/Game_Projects/Projects/Wonderland_Project_03/WonderlandProject/Content/Assets/Emberlight/Meshes/Foliage/IvyGroup_SM.uexp" 1550
"D:/Game_Projects/Projects/Wonderland_Project_03/WonderlandProject/Content/Assets/Emberlight/FoliageMeshes/Tree03_SMF.uasset" 1551
"D:/Game_Projects/Projects/Wonderland_Project_03/WonderlandProject/Content/Assets/Emberlight/FoliageMeshes/Tree03_SMF.uexp" 1552
"D:/Game_Projects/Projects/Wonderland_Project_03/WonderlandProject/Content/Assets/Emberlight/Textures/Rocks/Rock05_Basecolor_T.uasset" 1553
"D:/Game_Projects/Projects/Wonderland_Project_03/WonderlandProject/Content/Assets/Emberlight/Textures/Rocks/Rock05_Basecolor_T.ubulk" 1554
"D:/Game_Projects/Projects/Wonderland_Project_03/WonderlandProject/Content/Assets/Emberlight/Textures/Rocks/Rock05_Basecolor_T.uexp" 1555
"D:/Game_Projects/Projects/Wonderland_Project_03/WonderlandProject/Content/Assets/Emberlight/Textures/Rocks/Rock05_Normal_T.uasset" 1556
"D:/Game_Projects/Projects/Wonderland_Project_03/WonderlandProject/Content/Assets/Emberlight/Textures/Rocks/Rock05_Normal_T.ubulk" 1557
"D:/Game_Projects/Projects/Wonderland_Project_03/WonderlandProject/Content/Assets/Emberlight/Textures/Rocks/Rock05_Normal_T.uexp" 1558
"D:/Game_Projects/Projects/Wonderland_Project_03/WonderlandProject/Content/Assets/Emberlight/Materials/Rocks/Rock05_MI.uasset" 1559
"D:/Game_Projects/Projects/Wonderland_Project_03/WonderlandProject/Content/Assets/Emberlight/Materials/Rocks/Rock05_MI.uexp" 1560
"D:/Game_Projects/Projects/Wonderland_Project_03/WonderlandProject/Content/Assets/Emberlight/Meshes/Rocks/Rock05_SM.uasset" 1561
"D:/Game_Projects/Projects/Wonderland_Project_03/WonderlandProject/Content/Assets/Emberlight/Meshes/Rocks/Rock05_SM.ubulk" 1562
"D:/Game_Projects/Projects/Wonderland_Project_03/WonderlandProject/Content/Assets/Emberlight/Meshes/Rocks/Rock05_SM.uexp" 1563
"D:/Game_Projects/Projects/Wonderland_Project_03/WonderlandProject/Content/Assets/Emberlight/Textures/Props/Wood_Roughness_T.uasset" 1564
"D:/Game_Projects/Projects/Wonderland_Project_03/WonderlandProject/Content/Assets/Emberlight/Textures/Props/Wood_Roughness_T.ubulk" 1565
"D:/Game_Projects/Projects/Wonderland_Project_03/WonderlandProject/Content/Assets/Emberlight/Textures/Props/Wood_Roughness_T.uexp" 1566
"D:/Game_Projects/Projects/Wonderland_Project_03/WonderlandProject/Content/Assets/Emberlight/Textures/Props/Wood_Basecolor_T.uasset" 1567
"D:/Game_Projects/Projects/Wonderland_Project_03/WonderlandProject/Content/Assets/Emberlight/Textures/Props/Wood_Basecolor_T.ubulk" 1568
"D:/Game_Projects/Projects/Wonderland_Project_03/WonderlandProject/Content/Assets/Emberlight/Textures/Props/Wood_Basecolor_T.uexp" 1569
"D:/Game_Projects/Projects/Wonderland_Project_03/WonderlandProject/Content/Assets/Emberlight/Textures/Props/Wood_Normal_T.uasset" 1570
"D:/Game_Projects/Projects/Wonderland_Project_03/WonderlandProject/Content/Assets/Emberlight/Textures/Props/Wood_Normal_T.ubulk" 1571
"D:/Game_Projects/Projects/Wonderland_Project_03/WonderlandProject/Content/Assets/Emberlight/Textures/Props/Wood_Normal_T.uexp" 1572
"D:/Game_Projects/Projects/Wonderland_Project_03/WonderlandProject/Content/Assets/Emberlight/Materials/Props/Woods_M.uasset" 1573
"D:/Game_Projects/Projects/Wonderland_Project_03/WonderlandProject/Content/Assets/Emberlight/Materials/Props/Woods_M.uexp" 1574
"D:/Game_Projects/Projects/Wonderland_Project_03/WonderlandProject/Content/Assets/Emberlight/Meshes/Props/WoodCut_SM.uasset" 1575
"D:/Game_Projects/Projects/Wonderland_Project_03/WonderlandProject/Content/Assets/Emberlight/Meshes/Props/WoodCut_SM.ubulk" 1576
"D:/Game_Projects/Projects/Wonderland_Project_03/WonderlandProject/Content/Assets/Emberlight/Meshes/Props/WoodCut_SM.uexp" 1577
"D:/Game_Projects/Projects/Wonderland_Project_03/WonderlandProject/Content/Assets/Emberlight/FoliageMeshes/GrassPiece01_SMF.uasset" 1578
"D:/Game_Projects/Projects/Wonderland_Project_03/WonderlandProject/Content/Assets/Emberlight/FoliageMeshes/GrassPiece01_SMF.uexp" 1579
"D:/Game_Projects/Projects/Wonderland_Project_03/WonderlandProject/Content/Assets/Emberlight/Textures/Props/Tent_Normal_T.uasset" 1580
"D:/Game_Projects/Projects/Wonderland_Project_03/WonderlandProject/Content/Assets/Emberlight/Textures/Props/Tent_Normal_T.ubulk" 1581
"D:/Game_Projects/Projects/Wonderland_Project_03/WonderlandProject/Content/Assets/Emberlight/Textures/Props/Tent_Normal_T.uexp" 1582
"D:/Game_Projects/Projects/Wonderland_Project_03/WonderlandProject/Content/Assets/Emberlight/Textures/Props/Tent_BaseColor_T.uasset" 1583
"D:/Game_Projects/Projects/Wonderland_Project_03/WonderlandProject/Content/Assets/Emberlight/Textures/Props/Tent_BaseColor_T.ubulk" 1584
"D:/Game_Projects/Projects/Wonderland_Project_03/WonderlandProject/Content/Assets/Emberlight/Textures/Props/Tent_BaseColor_T.uexp" 1585
"D:/Game_Projects/Projects/Wonderland_Project_03/WonderlandProject/Content/Assets/Emberlight/Materials/Props/Tent_M.uasset" 1586
"D:/Game_Projects/Projects/Wonderland_Project_03/WonderlandProject/Content/Assets/Emberlight/Materials/Props/Tent_M.uexp" 1587
"D:/Game_Projects/Projects/Wonderland_Project_03/WonderlandProject/Content/Assets/Emberlight/Meshes/Props/Tent_SM.uasset" 1588
"D:/Game_Projects/Projects/Wonderland_Project_03/WonderlandProject/Content/Assets/Emberlight/Meshes/Props/Tent_SM.ubulk" 1589
"D:/Game_Projects/Projects/Wonderland_Project_03/WonderlandProject/Content/Assets/Emberlight/Meshes/Props/Tent_SM.uexp" 1590
"D:/Game_Projects/Projects/Wonderland_Project_03/WonderlandProject/Content/Assets/Emberlight/Textures/Rocks/Cliff03_Basecolor_T.uasset" 1591
"D:/Game_Projects/Projects/Wonderland_Project_03/WonderlandProject/Content/Assets/Emberlight/Textures/Rocks/Cliff03_Basecolor_T.ubulk" 1592
"D:/Game_Projects/Projects/Wonderland_Project_03/WonderlandProject/Content/Assets/Emberlight/Textures/Rocks/Cliff03_Basecolor_T.uexp" 1593
"D:/Game_Projects/Projects/Wonderland_Project_03/WonderlandProject/Content/Assets/Emberlight/Textures/Rocks/Cliff03_Normal_T.uasset" 1594
"D:/Game_Projects/Projects/Wonderland_Project_03/WonderlandProject/Content/Assets/Emberlight/Textures/Rocks/Cliff03_Normal_T.ubulk" 1595
"D:/Game_Projects/Projects/Wonderland_Project_03/WonderlandProject/Content/Assets/Emberlight/Textures/Rocks/Cliff03_Normal_T.uexp" 1596
"D:/Game_Projects/Projects/Wonderland_Project_03/WonderlandProject/Content/Assets/Emberlight/Materials/Rocks/Cliff03_MI.uasset" 1597
"D:/Game_Projects/Projects/Wonderland_Project_03/WonderlandProject/Content/Assets/Emberlight/Materials/Rocks/Cliff03_MI.uexp" 1598
"D:/Game_Projects/Projects/Wonderland_Project_03/WonderlandProject/Content/Assets/Emberlight/Meshes/Rocks/Cliff03_SM.uasset" 1599
"D:/Game_Projects/Projects/Wonderland_Project_03/WonderlandProject/Content/Assets/Emberlight/Meshes/Rocks/Cliff03_SM.ubulk" 1600
"D:/Game_Projects/Projects/Wonderland_Project_03/WonderlandProject/Content/Assets/Emberlight/Meshes/Rocks/Cliff03_SM.uexp" 1601
"D:/Game_Projects/Projects/Wonderland_Project_03/WonderlandProject/Content/Assets/Emberlight/FoliageMeshes/Plant04_SMF.uasset" 1602
"D:/Game_Projects/Projects/Wonderland_Project_03/WonderlandProject/Content/Assets/Emberlight/FoliageMeshes/Plant04_SMF.uexp" 1603
"D:/Game_Projects/Projects/Wonderland_Project_03/WonderlandProject/Content/Assets/Emberlight/Meshes/Props/WoodPlank_SM.uasset" 1604
"D:/Game_Projects/Projects/Wonderland_Project_03/WonderlandProject/Content/Assets/Emberlight/Meshes/Props/WoodPlank_SM.ubulk" 1605
"D:/Game_Projects/Projects/Wonderland_Project_03/WonderlandProject/Content/Assets/Emberlight/Meshes/Props/WoodPlank_SM.uexp" 1606
"D:/Game_Projects/Projects/Wonderland_Project_03/WonderlandProject/Content/Assets/Emberlight/FoliageMeshes/Rock02_SMF.uasset" 1607
"D:/Game_Projects/Projects/Wonderland_Project_03/WonderlandProject/Content/Assets/Emberlight/FoliageMeshes/Rock02_SMF.uexp" 1608
"D:/Game_Projects/Projects/Wonderland_Project_03/WonderlandProject/Content/Assets/Emberlight/Textures/Rocks/Cliff02_Basecolor_T.uasset" 1609
"D:/Game_Projects/Projects/Wonderland_Project_03/WonderlandProject/Content/Assets/Emberlight/Textures/Rocks/Cliff02_Basecolor_T.ubulk" 1610
"D:/Game_Projects/Projects/Wonderland_Project_03/WonderlandProject/Content/Assets/Emberlight/Textures/Rocks/Cliff02_Basecolor_T.uexp" 1611
"D:/Game_Projects/Projects/Wonderland_Project_03/WonderlandProject/Content/Assets/Emberlight/Materials/Rocks/Cliff02_MI.uasset" 1612
"D:/Game_Projects/Projects/Wonderland_Project_03/WonderlandProject/Content/Assets/Emberlight/Materials/Rocks/Cliff02_MI.uexp" 1613
"D:/Game_Projects/Projects/Wonderland_Project_03/WonderlandProject/Content/Assets/Emberlight/Meshes/Rocks/Cliff02_SM.uasset" 1614
"D:/Game_Projects/Projects/Wonderland_Project_03/WonderlandProject/Content/Assets/Emberlight/Meshes/Rocks/Cliff02_SM.ubulk" 1615
"D:/Game_Projects/Projects/Wonderland_Project_03/WonderlandProject/Content/Assets/Emberlight/Meshes/Rocks/Cliff02_SM.uexp" 1616
"D:/Game_Projects/Projects/Wonderland_Project_03/WonderlandProject/Content/Assets/Emberlight/FoliageMeshes/TreeStump_SMF.uasset" 1617
"D:/Game_Projects/Projects/Wonderland_Project_03/WonderlandProject/Content/Assets/Emberlight/FoliageMeshes/TreeStump_SMF.uexp" 1618
"D:/Game_Projects/Projects/Wonderland_Project_03/WonderlandProject/Content/Assets/Emberlight/FoliageMeshes/Tree09_SMF.uasset" 1619
"D:/Game_Projects/Projects/Wonderland_Project_03/WonderlandProject/Content/Assets/Emberlight/FoliageMeshes/Tree09_SMF.uexp" 1620
"D:/Game_Projects/Projects/Wonderland_Project_03/WonderlandProject/Content/Assets/Emberlight/Textures/Props/Meat_BaseColor_T.uasset" 1621
"D:/Game_Projects/Projects/Wonderland_Project_03/WonderlandProject/Content/Assets/Emberlight/Textures/Props/Meat_BaseColor_T.ubulk" 1622
"D:/Game_Projects/Projects/Wonderland_Project_03/WonderlandProject/Content/Assets/Emberlight/Textures/Props/Meat_BaseColor_T.uexp" 1623
"D:/Game_Projects/Projects/Wonderland_Project_03/WonderlandProject/Content/Assets/Emberlight/Materials/Props/Meat_M.uasset" 1624
"D:/Game_Projects/Projects/Wonderland_Project_03/WonderlandProject/Content/Assets/Emberlight/Materials/Props/Meat_M.uexp" 1625
"D:/Game_Projects/Projects/Wonderland_Project_03/WonderlandProject/Content/Assets/Emberlight/Meshes/Props/Meat_SM.uasset" 1626
"D:/Game_Projects/Projects/Wonderland_Project_03/WonderlandProject/Content/Assets/Emberlight/Meshes/Props/Meat_SM.ubulk" 1627
"D:/Game_Projects/Projects/Wonderland_Project_03/WonderlandProject/Content/Assets/Emberlight/Meshes/Props/Meat_SM.uexp" 1628
"D:/Game_Projects/Projects/Wonderland_Project_03/WonderlandProject/Content/Wonderland/Sound/SFX/SW_Bird.uasset" 1629
"D:/Game_Projects/Projects/Wonderland_Project_03/WonderlandProject/Content/Wonderland/Sound/SFX/SW_Bird.ubulk" 1630
"D:/Game_Projects/Projects/Wonderland_Project_03/WonderlandProject/Content/Wonderland/Sound/SFX/SW_Bird.uexp" 1631
"D:/Game_Projects/Projects/Wonderland_Project_03/WonderlandProject/Content/Assets/Emberlight/Textures/Rocks/Rock09_Basecolor_T.uasset" 1632
"D:/Game_Projects/Projects/Wonderland_Project_03/WonderlandProject/Content/Assets/Emberlight/Textures/Rocks/Rock09_Basecolor_T.ubulk" 1633
"D:/Game_Projects/Projects/Wonderland_Project_03/WonderlandProject/Content/Assets/Emberlight/Textures/Rocks/Rock09_Basecolor_T.uexp" 1634
"D:/Game_Projects/Projects/Wonderland_Project_03/WonderlandProject/Content/Assets/Emberlight/Textures/Rocks/Rock09_Normal_T.uasset" 1635
"D:/Game_Projects/Projects/Wonderland_Project_03/WonderlandProject/Content/Assets/Emberlight/Textures/Rocks/Rock09_Normal_T.ubulk" 1636
"D:/Game_Projects/Projects/Wonderland_Project_03/WonderlandProject/Content/Assets/Emberlight/Textures/Rocks/Rock09_Normal_T.uexp" 1637
"D:/Game_Projects/Projects/Wonderland_Project_03/WonderlandProject/Content/Assets/Emberlight/Materials/Rocks/Rock09_MI.uasset" 1638
"D:/Game_Projects/Projects/Wonderland_Project_03/WonderlandProject/Content/Assets/Emberlight/Materials/Rocks/Rock09_MI.uexp" 1639
"D:/Game_Projects/Projects/Wonderland_Project_03/WonderlandProject/Content/Assets/Emberlight/Meshes/Rocks/Rock09_SM.uasset" 1640
"D:/Game_Projects/Projects/Wonderland_Project_03/WonderlandProject/Content/Assets/Emberlight/Meshes/Rocks/Rock09_SM.ubulk" 1641
"D:/Game_Projects/Projects/Wonderland_Project_03/WonderlandProject/Content/Assets/Emberlight/Meshes/Rocks/Rock09_SM.uexp" 1642
"D:/Game_Projects/Projects/Wonderland_Project_03/WonderlandProject/Content/Assets/Emberlight/Textures/Props/Boat_Normal_T.uasset" 1643
"D:/Game_Projects/Projects/Wonderland_Project_03/WonderlandProject/Content/Assets/Emberlight/Textures/Props/Boat_Normal_T.ubulk" 1644
"D:/Game_Projects/Projects/Wonderland_Project_03/WonderlandProject/Content/Assets/Emberlight/Textures/Props/Boat_Normal_T.uexp" 1645
"D:/Game_Projects/Projects/Wonderland_Project_03/WonderlandProject/Content/Assets/Emberlight/Textures/Props/Boat_Basecolor_T.uasset" 1646
"D:/Game_Projects/Projects/Wonderland_Project_03/WonderlandProject/Content/Assets/Emberlight/Textures/Props/Boat_Basecolor_T.ubulk" 1647
"D:/Game_Projects/Projects/Wonderland_Project_03/WonderlandProject/Content/Assets/Emberlight/Textures/Props/Boat_Basecolor_T.uexp" 1648
"D:/Game_Projects/Projects/Wonderland_Project_03/WonderlandProject/Content/Assets/Emberlight/Textures/Props/Boat_Metallic_T.uasset" 1649
"D:/Game_Projects/Projects/Wonderland_Project_03/WonderlandProject/Content/Assets/Emberlight/Textures/Props/Boat_Metallic_T.ubulk" 1650
"D:/Game_Projects/Projects/Wonderland_Project_03/WonderlandProject/Content/Assets/Emberlight/Textures/Props/Boat_Metallic_T.uexp" 1651
"D:/Game_Projects/Projects/Wonderland_Project_03/WonderlandProject/Content/Assets/Emberlight/Textures/Props/Boat_Roughness_T.uasset" 1652
"D:/Game_Projects/Projects/Wonderland_Project_03/WonderlandProject/Content/Assets/Emberlight/Textures/Props/Boat_Roughness_T.ubulk" 1653
"D:/Game_Projects/Projects/Wonderland_Project_03/WonderlandProject/Content/Assets/Emberlight/Textures/Props/Boat_Roughness_T.uexp" 1654
"D:/Game_Projects/Projects/Wonderland_Project_03/WonderlandProject/Content/Assets/Emberlight/Materials/Props/Boat_M.uasset" 1655
"D:/Game_Projects/Projects/Wonderland_Project_03/WonderlandProject/Content/Assets/Emberlight/Materials/Props/Boat_M.uexp" 1656
"D:/Game_Projects/Projects/Wonderland_Project_03/WonderlandProject/Content/Assets/Emberlight/Meshes/Props/Boat/Oar_R_SM.uasset" 1657
"D:/Game_Projects/Projects/Wonderland_Project_03/WonderlandProject/Content/Assets/Emberlight/Meshes/Props/Boat/Oar_R_SM.ubulk" 1658
"D:/Game_Projects/Projects/Wonderland_Project_03/WonderlandProject/Content/Assets/Emberlight/Meshes/Props/Boat/Oar_R_SM.uexp" 1659
"D:/Game_Projects/Projects/Wonderland_Project_03/WonderlandProject/Content/Assets/Emberlight/FoliageMeshes/Tree04_SMF.uasset" 1660
"D:/Game_Projects/Projects/Wonderland_Project_03/WonderlandProject/Content/Assets/Emberlight/FoliageMeshes/Tree04_SMF.uexp" 1661
"D:/Game_Projects/Projects/Wonderland_Project_03/WonderlandProject/Content/Assets/Emberlight/Textures/Props/AnimalSkinFrame_BaseColor_T.uasset" 1662
"D:/Game_Projects/Projects/Wonderland_Project_03/WonderlandProject/Content/Assets/Emberlight/Textures/Props/AnimalSkinFrame_BaseColor_T.ubulk" 1663
"D:/Game_Projects/Projects/Wonderland_Project_03/WonderlandProject/Content/Assets/Emberlight/Textures/Props/AnimalSkinFrame_BaseColor_T.uexp" 1664
"D:/Game_Projects/Projects/Wonderland_Project_03/WonderlandProject/Content/Assets/Emberlight/Textures/Props/AnimalSkinFrame_Woodstick_Normal_T.uasset" 1665
"D:/Game_Projects/Projects/Wonderland_Project_03/WonderlandProject/Content/Assets/Emberlight/Textures/Props/AnimalSkinFrame_Woodstick_Normal_T.ubulk" 1666
"D:/Game_Projects/Projects/Wonderland_Project_03/WonderlandProject/Content/Assets/Emberlight/Textures/Props/AnimalSkinFrame_Woodstick_Normal_T.uexp" 1667
"D:/Game_Projects/Projects/Wonderland_Project_03/WonderlandProject/Content/Assets/Emberlight/Materials/Props/Frame_M.uasset" 1668
"D:/Game_Projects/Projects/Wonderland_Project_03/WonderlandProject/Content/Assets/Emberlight/Materials/Props/Frame_M.uexp" 1669
"D:/Game_Projects/Projects/Wonderland_Project_03/WonderlandProject/Content/Assets/Emberlight/Meshes/Props/AnimalSkinFrame_SM.uasset" 1670
"D:/Game_Projects/Projects/Wonderland_Project_03/WonderlandProject/Content/Assets/Emberlight/Meshes/Props/AnimalSkinFrame_SM.ubulk" 1671
"D:/Game_Projects/Projects/Wonderland_Project_03/WonderlandProject/Content/Assets/Emberlight/Meshes/Props/AnimalSkinFrame_SM.uexp" 1672
"D:/Game_Projects/Projects/Wonderland_Project_03/WonderlandProject/Content/Assets/Emberlight/FoliageMeshes/Rock09_SMF.uasset" 1673
"D:/Game_Projects/Projects/Wonderland_Project_03/WonderlandProject/Content/Assets/Emberlight/FoliageMeshes/Rock09_SMF.uexp" 1674
"D:/Game_Projects/Projects/Wonderland_Project_03/WonderlandProject/Content/Assets/Emberlight/Meshes/Foliage/DryPlant01_SM.uasset" 1675
"D:/Game_Projects/Projects/Wonderland_Project_03/WonderlandProject/Content/Assets/Emberlight/Meshes/Foliage/DryPlant01_SM.ubulk" 1676
"D:/Game_Projects/Projects/Wonderland_Project_03/WonderlandProject/Content/Assets/Emberlight/Meshes/Foliage/DryPlant01_SM.uexp" 1677
"D:/Game_Projects/Projects/Wonderland_Project_03/WonderlandProject/Content/Assets/Emberlight/Textures/Trees/Tree07_BirchLeaf_Basecolor_T.uasset" 1678
"D:/Game_Projects/Projects/Wonderland_Project_03/WonderlandProject/Content/Assets/Emberlight/Textures/Trees/Tree07_BirchLeaf_Basecolor_T.ubulk" 1679
"D:/Game_Projects/Projects/Wonderland_Project_03/WonderlandProject/Content/Assets/Emberlight/Textures/Trees/Tree07_BirchLeaf_Basecolor_T.uexp" 1680
"D:/Game_Projects/Projects/Wonderland_Project_03/WonderlandProject/Content/Assets/Emberlight/Materials/Trees/Tree07_Leaf_M.uasset" 1681
"D:/Game_Projects/Projects/Wonderland_Project_03/WonderlandProject/Content/Assets/Emberlight/Materials/Trees/Tree07_Leaf_M.uexp" 1682
"D:/Game_Projects/Projects/Wonderland_Project_03/WonderlandProject/Content/Assets/Emberlight/Textures/Trees/Tree07_Birch_Normal_T.uasset" 1683
"D:/Game_Projects/Projects/Wonderland_Project_03/WonderlandProject/Content/Assets/Emberlight/Textures/Trees/Tree07_Birch_Normal_T.ubulk" 1684
"D:/Game_Projects/Projects/Wonderland_Project_03/WonderlandProject/Content/Assets/Emberlight/Textures/Trees/Tree07_Birch_Normal_T.uexp" 1685
"D:/Game_Projects/Projects/Wonderland_Project_03/WonderlandProject/Content/Assets/Emberlight/Textures/Trees/Tree07_Birch_Basecolor_T.uasset" 1686
"D:/Game_Projects/Projects/Wonderland_Project_03/WonderlandProject/Content/Assets/Emberlight/Textures/Trees/Tree07_Birch_Basecolor_T.ubulk" 1687
"D:/Game_Projects/Projects/Wonderland_Project_03/WonderlandProject/Content/Assets/Emberlight/Textures/Trees/Tree07_Birch_Basecolor_T.uexp" 1688
"D:/Game_Projects/Projects/Wonderland_Project_03/WonderlandProject/Content/Assets/Emberlight/Materials/Trees/Tree07_Birch_M.uasset" 1689
"D:/Game_Projects/Projects/Wonderland_Project_03/WonderlandProject/Content/Assets/Emberlight/Materials/Trees/Tree07_Birch_M.uexp" 1690
"D:/Game_Projects/Projects/Wonderland_Project_03/WonderlandProject/Content/Assets/Emberlight/Meshes/Trees/Tree07_Birch_SM.uasset" 1691
"D:/Game_Projects/Projects/Wonderland_Project_03/WonderlandProject/Content/Assets/Emberlight/Meshes/Trees/Tree07_Birch_SM.ubulk" 1692
"D:/Game_Projects/Projects/Wonderland_Project_03/WonderlandProject/Content/Assets/Emberlight/Meshes/Trees/Tree07_Birch_SM.uexp" 1693
"D:/Game_Projects/Projects/Wonderland_Project_03/WonderlandProject/Content/Assets/Emberlight/Textures/Props/Canteen_Normal_T.uasset" 1694
"D:/Game_Projects/Projects/Wonderland_Project_03/WonderlandProject/Content/Assets/Emberlight/Textures/Props/Canteen_Normal_T.ubulk" 1695
"D:/Game_Projects/Projects/Wonderland_Project_03/WonderlandProject/Content/Assets/Emberlight/Textures/Props/Canteen_Normal_T.uexp" 1696
"D:/Game_Projects/Projects/Wonderland_Project_03/WonderlandProject/Content/Assets/Emberlight/Textures/Props/Canteen_BaseColor_T.uasset" 1697
"D:/Game_Projects/Projects/Wonderland_Project_03/WonderlandProject/Content/Assets/Emberlight/Textures/Props/Canteen_BaseColor_T.ubulk" 1698
"D:/Game_Projects/Projects/Wonderland_Project_03/WonderlandProject/Content/Assets/Emberlight/Textures/Props/Canteen_BaseColor_T.uexp" 1699
"D:/Game_Projects/Projects/Wonderland_Project_03/WonderlandProject/Content/Assets/Emberlight/Materials/Props/Canteen_M.uasset" 1700
"D:/Game_Projects/Projects/Wonderland_Project_03/WonderlandProject/Content/Assets/Emberlight/Materials/Props/Canteen_M.uexp" 1701
"D:/Game_Projects/Projects/Wonderland_Project_03/WonderlandProject/Content/Assets/Emberlight/Meshes/Props/Canteen_SM.uasset" 1702
"D:/Game_Projects/Projects/Wonderland_Project_03/WonderlandProject/Content/Assets/Emberlight/Meshes/Props/Canteen_SM.ubulk" 1703
"D:/Game_Projects/Projects/Wonderland_Project_03/WonderlandProject/Content/Assets/Emberlight/Meshes/Props/Canteen_SM.uexp" 1704
"D:/Game_Projects/Projects/Wonderland_Project_03/WonderlandProject/Content/Assets/Emberlight/Textures/Rocks/Rock08_Normal_T.uasset" 1705
"D:/Game_Projects/Projects/Wonderland_Project_03/WonderlandProject/Content/Assets/Emberlight/Textures/Rocks/Rock08_Normal_T.ubulk" 1706
"D:/Game_Projects/Projects/Wonderland_Project_03/WonderlandProject/Content/Assets/Emberlight/Textures/Rocks/Rock08_Normal_T.uexp" 1707
"D:/Game_Projects/Projects/Wonderland_Project_03/WonderlandProject/Content/Assets/Emberlight/Textures/Rocks/Rock08_Basecolor_T.uasset" 1708
"D:/Game_Projects/Projects/Wonderland_Project_03/WonderlandProject/Content/Assets/Emberlight/Textures/Rocks/Rock08_Basecolor_T.ubulk" 1709
"D:/Game_Projects/Projects/Wonderland_Project_03/WonderlandProject/Content/Assets/Emberlight/Textures/Rocks/Rock08_Basecolor_T.uexp" 1710
"D:/Game_Projects/Projects/Wonderland_Project_03/WonderlandProject/Content/Assets/Emberlight/Materials/Rocks/Rock08_MI.uasset" 1711
"D:/Game_Projects/Projects/Wonderland_Project_03/WonderlandProject/Content/Assets/Emberlight/Materials/Rocks/Rock08_MI.uexp" 1712
"D:/Game_Projects/Projects/Wonderland_Project_03/WonderlandProject/Content/Assets/Emberlight/Meshes/Rocks/Rock08_SM.uasset" 1713
"D:/Game_Projects/Projects/Wonderland_Project_03/WonderlandProject/Content/Assets/Emberlight/Meshes/Rocks/Rock08_SM.ubulk" 1714
"D:/Game_Projects/Projects/Wonderland_Project_03/WonderlandProject/Content/Assets/Emberlight/Meshes/Rocks/Rock08_SM.uexp" 1715
"../../../Engine/Content/EngineResources/AICON-Green_Low.uasset" 1716
"../../../Engine/Content/EngineResources/AICON-Green_Low.uexp" 1717
"D:/Game_Projects/Projects/Wonderland_Project_03/WonderlandProject/Content/Assets/Emberlight/FoliageMeshes/GrassPlane02__SMF.uasset" 1718
"D:/Game_Projects/Projects/Wonderland_Project_03/WonderlandProject/Content/Assets/Emberlight/FoliageMeshes/GrassPlane02__SMF.uexp" 1719
"D:/Game_Projects/Projects/Wonderland_Project_03/WonderlandProject/Content/Assets/Emberlight/Meshes/Foliage/Bush01_SM.uasset" 1720
"D:/Game_Projects/Projects/Wonderland_Project_03/WonderlandProject/Content/Assets/Emberlight/Meshes/Foliage/Bush01_SM.ubulk" 1721
"D:/Game_Projects/Projects/Wonderland_Project_03/WonderlandProject/Content/Assets/Emberlight/Meshes/Foliage/Bush01_SM.uexp" 1722
"D:/Game_Projects/Projects/Wonderland_Project_03/WonderlandProject/Content/Assets/Emberlight/Meshes/Props/Wood_SM.uasset" 1723
"D:/Game_Projects/Projects/Wonderland_Project_03/WonderlandProject/Content/Assets/Emberlight/Meshes/Props/Wood_SM.ubulk" 1724
"D:/Game_Projects/Projects/Wonderland_Project_03/WonderlandProject/Content/Assets/Emberlight/Meshes/Props/Wood_SM.uexp" 1725
"../../../Engine/Content/EngineMaterials/DefaultPhysicalMaterial.uasset" 1726
"../../../Engine/Content/EngineMaterials/DefaultPhysicalMaterial.uexp" 1727
"D:/Game_Projects/Projects/Wonderland_Project_03/WonderlandProject/Content/Assets/Emberlight/Textures/Rocks/Rock02_Normal_T.uasset" 1728
"D:/Game_Projects/Projects/Wonderland_Project_03/WonderlandProject/Content/Assets/Emberlight/Textures/Rocks/Rock02_Normal_T.ubulk" 1729
"D:/Game_Projects/Projects/Wonderland_Project_03/WonderlandProject/Content/Assets/Emberlight/Textures/Rocks/Rock02_Normal_T.uexp" 1730
"D:/Game_Projects/Projects/Wonderland_Project_03/WonderlandProject/Content/Assets/Emberlight/Textures/Rocks/Rock02_Basecolor_T.uasset" 1731
"D:/Game_Projects/Projects/Wonderland_Project_03/WonderlandProject/Content/Assets/Emberlight/Textures/Rocks/Rock02_Basecolor_T.ubulk" 1732
"D:/Game_Projects/Projects/Wonderland_Project_03/WonderlandProject/Content/Assets/Emberlight/Textures/Rocks/Rock02_Basecolor_T.uexp" 1733
"D:/Game_Projects/Projects/Wonderland_Project_03/WonderlandProject/Content/Assets/Emberlight/Materials/Rocks/Rock02_MI.uasset" 1734
"D:/Game_Projects/Projects/Wonderland_Project_03/WonderlandProject/Content/Assets/Emberlight/Materials/Rocks/Rock02_MI.uexp" 1735
"D:/Game_Projects/Projects/Wonderland_Project_03/WonderlandProject/Content/Assets/Emberlight/Meshes/Rocks/Rock02_SM.uasset" 1736
"D:/Game_Projects/Projects/Wonderland_Project_03/WonderlandProject/Content/Assets/Emberlight/Meshes/Rocks/Rock02_SM.ubulk" 1737
"D:/Game_Projects/Projects/Wonderland_Project_03/WonderlandProject/Content/Assets/Emberlight/Meshes/Rocks/Rock02_SM.uexp" 1738
"D:/Game_Projects/Projects/Wonderland_Project_03/WonderlandProject/Content/Assets/Emberlight/Meshes/Foliage/Bush02_SM.uasset" 1739
"D:/Game_Projects/Projects/Wonderland_Project_03/WonderlandProject/Content/Assets/Emberlight/Meshes/Foliage/Bush02_SM.ubulk" 1740
"D:/Game_Projects/Projects/Wonderland_Project_03/WonderlandProject/Content/Assets/Emberlight/Meshes/Foliage/Bush02_SM.uexp" 1741
"D:/Game_Projects/Projects/Wonderland_Project_03/WonderlandProject/Content/Assets/Emberlight/FoliageMeshes/Tree10_SMF.uasset" 1742
"D:/Game_Projects/Projects/Wonderland_Project_03/WonderlandProject/Content/Assets/Emberlight/FoliageMeshes/Tree10_SMF.uexp" 1743
"D:/Game_Projects/Projects/Wonderland_Project_03/WonderlandProject/Content/Assets/Emberlight/FoliageMeshes/Tree02_SMF.uasset" 1744
"D:/Game_Projects/Projects/Wonderland_Project_03/WonderlandProject/Content/Assets/Emberlight/FoliageMeshes/Tree02_SMF.uexp" 1745
"D:/Game_Projects/Projects/Wonderland_Project_03/WonderlandProject/Content/Assets/Emberlight/Meshes/Foliage/GrassGroup02_SM.uasset" 1746
"D:/Game_Projects/Projects/Wonderland_Project_03/WonderlandProject/Content/Assets/Emberlight/Meshes/Foliage/GrassGroup02_SM.ubulk" 1747
"D:/Game_Projects/Projects/Wonderland_Project_03/WonderlandProject/Content/Assets/Emberlight/Meshes/Foliage/GrassGroup02_SM.uexp" 1748
"D:/Game_Projects/Projects/Wonderland_Project_03/WonderlandProject/Content/Assets/Emberlight/Textures/Props/FishingRod_Rope_Normal_T.uasset" 1749
"D:/Game_Projects/Projects/Wonderland_Project_03/WonderlandProject/Content/Assets/Emberlight/Textures/Props/FishingRod_Rope_Normal_T.ubulk" 1750
"D:/Game_Projects/Projects/Wonderland_Project_03/WonderlandProject/Content/Assets/Emberlight/Textures/Props/FishingRod_Rope_Normal_T.uexp" 1751
"D:/Game_Projects/Projects/Wonderland_Project_03/WonderlandProject/Content/Assets/Emberlight/Textures/Props/FishingRod_Rope_Basecolor_T.uasset" 1752
"D:/Game_Projects/Projects/Wonderland_Project_03/WonderlandProject/Content/Assets/Emberlight/Textures/Props/FishingRod_Rope_Basecolor_T.ubulk" 1753
"D:/Game_Projects/Projects/Wonderland_Project_03/WonderlandProject/Content/Assets/Emberlight/Textures/Props/FishingRod_Rope_Basecolor_T.uexp" 1754
"D:/Game_Projects/Projects/Wonderland_Project_03/WonderlandProject/Content/Assets/Emberlight/Textures/Props/FishingRod_Rope_Roughness_T.uasset" 1755
"D:/Game_Projects/Projects/Wonderland_Project_03/WonderlandProject/Content/Assets/Emberlight/Textures/Props/FishingRod_Rope_Roughness_T.ubulk" 1756
"D:/Game_Projects/Projects/Wonderland_Project_03/WonderlandProject/Content/Assets/Emberlight/Textures/Props/FishingRod_Rope_Roughness_T.uexp" 1757
"D:/Game_Projects/Projects/Wonderland_Project_03/WonderlandProject/Content/Assets/Emberlight/Materials/Props/FishingRodRope_M.uasset" 1758
"D:/Game_Projects/Projects/Wonderland_Project_03/WonderlandProject/Content/Assets/Emberlight/Materials/Props/FishingRodRope_M.uexp" 1759
"D:/Game_Projects/Projects/Wonderland_Project_03/WonderlandProject/Content/Assets/Emberlight/Meshes/Props/FishingRod/FishingRod_SM.uasset" 1760
"D:/Game_Projects/Projects/Wonderland_Project_03/WonderlandProject/Content/Assets/Emberlight/Meshes/Props/FishingRod/FishingRod_SM.ubulk" 1761
"D:/Game_Projects/Projects/Wonderland_Project_03/WonderlandProject/Content/Assets/Emberlight/Meshes/Props/FishingRod/FishingRod_SM.uexp" 1762
"D:/Game_Projects/Projects/Wonderland_Project_03/WonderlandProject/Content/Assets/Emberlight/FoliageMeshes/TreeLog_SMF.uasset" 1763
"D:/Game_Projects/Projects/Wonderland_Project_03/WonderlandProject/Content/Assets/Emberlight/FoliageMeshes/TreeLog_SMF.uexp" 1764
"D:/Game_Projects/Projects/Wonderland_Project_03/WonderlandProject/Content/Assets/Emberlight/FoliageMeshes/Plant01_SMF.uasset" 1765
"D:/Game_Projects/Projects/Wonderland_Project_03/WonderlandProject/Content/Assets/Emberlight/FoliageMeshes/Plant01_SMF.uexp" 1766
"D:/Game_Projects/Projects/Wonderland_Project_03/WonderlandProject/Content/Assets/Emberlight/Meshes/Foliage/Plant01_SM.uasset" 1767
"D:/Game_Projects/Projects/Wonderland_Project_03/WonderlandProject/Content/Assets/Emberlight/Meshes/Foliage/Plant01_SM.ubulk" 1768
"D:/Game_Projects/Projects/Wonderland_Project_03/WonderlandProject/Content/Assets/Emberlight/Meshes/Foliage/Plant01_SM.uexp" 1769
"D:/Game_Projects/Projects/Wonderland_Project_03/WonderlandProject/Content/Assets/Emberlight/FoliageMeshes/Rock04_SMF.uasset" 1770
"D:/Game_Projects/Projects/Wonderland_Project_03/WonderlandProject/Content/Assets/Emberlight/FoliageMeshes/Rock04_SMF.uexp" 1771
"D:/Game_Projects/Projects/Wonderland_Project_03/WonderlandProject/Content/Assets/Emberlight/FoliageMeshes/Rock01_SMF.uasset" 1772
"D:/Game_Projects/Projects/Wonderland_Project_03/WonderlandProject/Content/Assets/Emberlight/FoliageMeshes/Rock01_SMF.uexp" 1773
"D:/Game_Projects/Projects/Wonderland_Project_03/WonderlandProject/Content/Assets/Emberlight/FoliageMeshes/Mushroom02_SMF.uasset" 1774
"D:/Game_Projects/Projects/Wonderland_Project_03/WonderlandProject/Content/Assets/Emberlight/FoliageMeshes/Mushroom02_SMF.uexp" 1775
"D:/Game_Projects/Projects/Wonderland_Project_03/WonderlandProject/Content/Assets/Emberlight/Maps/CampPack_Level_sharedassets/GrassSoil_LL.uasset" 1776
"D:/Game_Projects/Projects/Wonderland_Project_03/WonderlandProject/Content/Assets/Emberlight/Maps/CampPack_Level_sharedassets/GrassSoil_LL.uexp" 1777
"D:/Game_Projects/Projects/Wonderland_Project_03/WonderlandProject/Content/Assets/Emberlight/Maps/CampPack_Level_sharedassets/Grass_LL.uasset" 1778
"D:/Game_Projects/Projects/Wonderland_Project_03/WonderlandProject/Content/Assets/Emberlight/Maps/CampPack_Level_sharedassets/Grass_LL.uexp" 1779
"D:/Game_Projects/Projects/Wonderland_Project_03/WonderlandProject/Content/Assets/Emberlight/Meshes/Props/Boat/Oar_L_SM.uasset" 1780
"D:/Game_Projects/Projects/Wonderland_Project_03/WonderlandProject/Content/Assets/Emberlight/Meshes/Props/Boat/Oar_L_SM.ubulk" 1781
"D:/Game_Projects/Projects/Wonderland_Project_03/WonderlandProject/Content/Assets/Emberlight/Meshes/Props/Boat/Oar_L_SM.uexp" 1782
"D:/Game_Projects/Projects/Wonderland_Project_03/WonderlandProject/Content/Assets/Emberlight/FoliageMeshes/Tree08_SMF.uasset" 1783
"D:/Game_Projects/Projects/Wonderland_Project_03/WonderlandProject/Content/Assets/Emberlight/FoliageMeshes/Tree08_SMF.uexp" 1784
"D:/Game_Projects/Projects/Wonderland_Project_03/WonderlandProject/Content/Assets/Emberlight/Meshes/Foliage/FlowerRed_SM.uasset" 1785
"D:/Game_Projects/Projects/Wonderland_Project_03/WonderlandProject/Content/Assets/Emberlight/Meshes/Foliage/FlowerRed_SM.ubulk" 1786
"D:/Game_Projects/Projects/Wonderland_Project_03/WonderlandProject/Content/Assets/Emberlight/Meshes/Foliage/FlowerRed_SM.uexp" 1787
"D:/Game_Projects/Projects/Wonderland_Project_03/WonderlandProject/Content/Assets/Emberlight/Maps/CampPack_Level_sharedassets/Soil_LL.uasset" 1788
"D:/Game_Projects/Projects/Wonderland_Project_03/WonderlandProject/Content/Assets/Emberlight/Maps/CampPack_Level_sharedassets/Soil_LL.uexp" 1789
"D:/Game_Projects/Projects/Wonderland_Project_03/WonderlandProject/Content/Assets/Emberlight/Meshes/Foliage/Ivy01_SM.uasset" 1790
"D:/Game_Projects/Projects/Wonderland_Project_03/WonderlandProject/Content/Assets/Emberlight/Meshes/Foliage/Ivy01_SM.ubulk" 1791
"D:/Game_Projects/Projects/Wonderland_Project_03/WonderlandProject/Content/Assets/Emberlight/Meshes/Foliage/Ivy01_SM.uexp" 1792
"D:/Game_Projects/Projects/Wonderland_Project_03/WonderlandProject/Content/Assets/Emberlight/FoliageMeshes/FlowerRed_SMF.uasset" 1793
"D:/Game_Projects/Projects/Wonderland_Project_03/WonderlandProject/Content/Assets/Emberlight/FoliageMeshes/FlowerRed_SMF.uexp" 1794
"D:/Game_Projects/Projects/Wonderland_Project_03/WonderlandProject/Content/Assets/Emberlight/Materials/Trees/Tree11_Leaf_M.uasset" 1795
"D:/Game_Projects/Projects/Wonderland_Project_03/WonderlandProject/Content/Assets/Emberlight/Materials/Trees/Tree11_Leaf_M.uexp" 1796
"D:/Game_Projects/Projects/Wonderland_Project_03/WonderlandProject/Content/Assets/Emberlight/Textures/Trees/Tree11_Elm_Normal_T.uasset" 1797
"D:/Game_Projects/Projects/Wonderland_Project_03/WonderlandProject/Content/Assets/Emberlight/Textures/Trees/Tree11_Elm_Normal_T.ubulk" 1798
"D:/Game_Projects/Projects/Wonderland_Project_03/WonderlandProject/Content/Assets/Emberlight/Textures/Trees/Tree11_Elm_Normal_T.uexp" 1799
"D:/Game_Projects/Projects/Wonderland_Project_03/WonderlandProject/Content/Assets/Emberlight/Textures/Trees/Tree11_Elm_Basecolor_T.uasset" 1800
"D:/Game_Projects/Projects/Wonderland_Project_03/WonderlandProject/Content/Assets/Emberlight/Textures/Trees/Tree11_Elm_Basecolor_T.ubulk" 1801
"D:/Game_Projects/Projects/Wonderland_Project_03/WonderlandProject/Content/Assets/Emberlight/Textures/Trees/Tree11_Elm_Basecolor_T.uexp" 1802
"D:/Game_Projects/Projects/Wonderland_Project_03/WonderlandProject/Content/Assets/Emberlight/Textures/Trees/Tree11_Elm_Roughness_T.uasset" 1803
"D:/Game_Projects/Projects/Wonderland_Project_03/WonderlandProject/Content/Assets/Emberlight/Textures/Trees/Tree11_Elm_Roughness_T.ubulk" 1804
"D:/Game_Projects/Projects/Wonderland_Project_03/WonderlandProject/Content/Assets/Emberlight/Textures/Trees/Tree11_Elm_Roughness_T.uexp" 1805
"D:/Game_Projects/Projects/Wonderland_Project_03/WonderlandProject/Content/Assets/Emberlight/Materials/Trees/Tree11_Elm_M.uasset" 1806
"D:/Game_Projects/Projects/Wonderland_Project_03/WonderlandProject/Content/Assets/Emberlight/Materials/Trees/Tree11_Elm_M.uexp" 1807
"D:/Game_Projects/Projects/Wonderland_Project_03/WonderlandProject/Content/Assets/Emberlight/Meshes/Trees/Tree11_Elm_SM.uasset" 1808
"D:/Game_Projects/Projects/Wonderland_Project_03/WonderlandProject/Content/Assets/Emberlight/Meshes/Trees/Tree11_Elm_SM.ubulk" 1809
"D:/Game_Projects/Projects/Wonderland_Project_03/WonderlandProject/Content/Assets/Emberlight/Meshes/Trees/Tree11_Elm_SM.uexp" 1810
"D:/Game_Projects/Projects/Wonderland_Project_03/WonderlandProject/Content/Assets/Emberlight/FoliageMeshes/GrassPiece02_SMF.uasset" 1811
"D:/Game_Projects/Projects/Wonderland_Project_03/WonderlandProject/Content/Assets/Emberlight/FoliageMeshes/GrassPiece02_SMF.uexp" 1812
"../../../Engine/Content/Functions/Engine_MaterialFunctions02/Utility/BlendAngleCorrectedNormals.uasset" 1813
"../../../Engine/Content/Functions/Engine_MaterialFunctions02/Utility/BlendAngleCorrectedNormals.uexp" 1814
"D:/Game_Projects/Projects/Wonderland_Project_03/WonderlandProject/Content/Assets/Emberlight/Textures/SharedTextures/Water_Normal_T.uasset" 1815
"D:/Game_Projects/Projects/Wonderland_Project_03/WonderlandProject/Content/Assets/Emberlight/Textures/SharedTextures/Water_Normal_T.ubulk" 1816
"D:/Game_Projects/Projects/Wonderland_Project_03/WonderlandProject/Content/Assets/Emberlight/Textures/SharedTextures/Water_Normal_T.uexp" 1817
"D:/Game_Projects/Projects/Wonderland_Project_03/WonderlandProject/Content/Assets/Emberlight/Materials/Terrain/Water_M.uasset" 1818
"D:/Game_Projects/Projects/Wonderland_Project_03/WonderlandProject/Content/Assets/Emberlight/Materials/Terrain/Water_M.uexp" 1819
"D:/Game_Projects/Projects/Wonderland_Project_03/WonderlandProject/Content/Assets/Emberlight/Materials/Terrain/Water_MI.uasset" 1820
"D:/Game_Projects/Projects/Wonderland_Project_03/WonderlandProject/Content/Assets/Emberlight/Materials/Terrain/Water_MI.uexp" 1821
"D:/Game_Projects/Projects/Wonderland_Project_03/WonderlandProject/Content/Assets/Emberlight/FoliageMeshes/Mushroom01_SMF.uasset" 1822
"D:/Game_Projects/Projects/Wonderland_Project_03/WonderlandProject/Content/Assets/Emberlight/FoliageMeshes/Mushroom01_SMF.uexp" 1823
"D:/Game_Projects/Projects/Wonderland_Project_03/WonderlandProject/Content/Assets/Emberlight/Meshes/Props/Boat/Boat1_SM.uasset" 1824
"D:/Game_Projects/Projects/Wonderland_Project_03/WonderlandProject/Content/Assets/Emberlight/Meshes/Props/Boat/Boat1_SM.ubulk" 1825
"D:/Game_Projects/Projects/Wonderland_Project_03/WonderlandProject/Content/Assets/Emberlight/Meshes/Props/Boat/Boat1_SM.uexp" 1826
"D:/Game_Projects/Projects/Wonderland_Project_03/WonderlandProject/Content/Assets/Emberlight/Textures/Props/Map_Roughness_T.uasset" 1827
"D:/Game_Projects/Projects/Wonderland_Project_03/WonderlandProject/Content/Assets/Emberlight/Textures/Props/Map_Roughness_T.ubulk" 1828
"D:/Game_Projects/Projects/Wonderland_Project_03/WonderlandProject/Content/Assets/Emberlight/Textures/Props/Map_Roughness_T.uexp" 1829
"D:/Game_Projects/Projects/Wonderland_Project_03/WonderlandProject/Content/Assets/Emberlight/Textures/Props/Map_Basecolor_T.uasset" 1830
"D:/Game_Projects/Projects/Wonderland_Project_03/WonderlandProject/Content/Assets/Emberlight/Textures/Props/Map_Basecolor_T.ubulk" 1831
"D:/Game_Projects/Projects/Wonderland_Project_03/WonderlandProject/Content/Assets/Emberlight/Textures/Props/Map_Basecolor_T.uexp" 1832
"D:/Game_Projects/Projects/Wonderland_Project_03/WonderlandProject/Content/Assets/Emberlight/Materials/Props/Map_M.uasset" 1833
"D:/Game_Projects/Projects/Wonderland_Project_03/WonderlandProject/Content/Assets/Emberlight/Materials/Props/Map_M.uexp" 1834
"D:/Game_Projects/Projects/Wonderland_Project_03/WonderlandProject/Content/Assets/Emberlight/Meshes/Props/Map_SM.uasset" 1835
"D:/Game_Projects/Projects/Wonderland_Project_03/WonderlandProject/Content/Assets/Emberlight/Meshes/Props/Map_SM.ubulk" 1836
"D:/Game_Projects/Projects/Wonderland_Project_03/WonderlandProject/Content/Assets/Emberlight/Meshes/Props/Map_SM.uexp" 1837
"D:/Game_Projects/Projects/Wonderland_Project_03/WonderlandProject/Content/Assets/Emberlight/Meshes/Foliage/GrassGroup01_SM.uasset" 1838
"D:/Game_Projects/Projects/Wonderland_Project_03/WonderlandProject/Content/Assets/Emberlight/Meshes/Foliage/GrassGroup01_SM.ubulk" 1839
"D:/Game_Projects/Projects/Wonderland_Project_03/WonderlandProject/Content/Assets/Emberlight/Meshes/Foliage/GrassGroup01_SM.uexp" 1840
"D:/Game_Projects/Projects/Wonderland_Project_03/WonderlandProject/Content/Assets/Emberlight/Textures/Foliage/Clover_Basecolor_T.uasset" 1841
"D:/Game_Projects/Projects/Wonderland_Project_03/WonderlandProject/Content/Assets/Emberlight/Textures/Foliage/Clover_Basecolor_T.ubulk" 1842
"D:/Game_Projects/Projects/Wonderland_Project_03/WonderlandProject/Content/Assets/Emberlight/Textures/Foliage/Clover_Basecolor_T.uexp" 1843
"D:/Game_Projects/Projects/Wonderland_Project_03/WonderlandProject/Content/Assets/Emberlight/Materials/Foliage/Clover_M.uasset" 1844
"D:/Game_Projects/Projects/Wonderland_Project_03/WonderlandProject/Content/Assets/Emberlight/Materials/Foliage/Clover_M.uexp" 1845
"D:/Game_Projects/Projects/Wonderland_Project_03/WonderlandProject/Content/Assets/Emberlight/Meshes/Foliage/Clover_SM.uasset" 1846
"D:/Game_Projects/Projects/Wonderland_Project_03/WonderlandProject/Content/Assets/Emberlight/Meshes/Foliage/Clover_SM.ubulk" 1847
"D:/Game_Projects/Projects/Wonderland_Project_03/WonderlandProject/Content/Assets/Emberlight/Meshes/Foliage/Clover_SM.uexp" 1848
"D:/Game_Projects/Projects/Wonderland_Project_03/WonderlandProject/Content/Assets/Emberlight/Textures/Trees/Tree05_BonsaiLeaf_Basecolor_T.uasset" 1849
"D:/Game_Projects/Projects/Wonderland_Project_03/WonderlandProject/Content/Assets/Emberlight/Textures/Trees/Tree05_BonsaiLeaf_Basecolor_T.ubulk" 1850
"D:/Game_Projects/Projects/Wonderland_Project_03/WonderlandProject/Content/Assets/Emberlight/Textures/Trees/Tree05_BonsaiLeaf_Basecolor_T.uexp" 1851
"D:/Game_Projects/Projects/Wonderland_Project_03/WonderlandProject/Content/Assets/Emberlight/Materials/Trees/Tree05_BonsaiLeaf_M.uasset" 1852
"D:/Game_Projects/Projects/Wonderland_Project_03/WonderlandProject/Content/Assets/Emberlight/Materials/Trees/Tree05_BonsaiLeaf_M.uexp" 1853
"D:/Game_Projects/Projects/Wonderland_Project_03/WonderlandProject/Content/Assets/Emberlight/Textures/Trees/Tree05_Bonsai_Basecolor.uasset" 1854
"D:/Game_Projects/Projects/Wonderland_Project_03/WonderlandProject/Content/Assets/Emberlight/Textures/Trees/Tree05_Bonsai_Basecolor.ubulk" 1855
"D:/Game_Projects/Projects/Wonderland_Project_03/WonderlandProject/Content/Assets/Emberlight/Textures/Trees/Tree05_Bonsai_Basecolor.uexp" 1856
"D:/Game_Projects/Projects/Wonderland_Project_03/WonderlandProject/Content/Assets/Emberlight/Textures/Trees/Tree05_Bonsai_Roughness_T.uasset" 1857
"D:/Game_Projects/Projects/Wonderland_Project_03/WonderlandProject/Content/Assets/Emberlight/Textures/Trees/Tree05_Bonsai_Roughness_T.ubulk" 1858
"D:/Game_Projects/Projects/Wonderland_Project_03/WonderlandProject/Content/Assets/Emberlight/Textures/Trees/Tree05_Bonsai_Roughness_T.uexp" 1859
"D:/Game_Projects/Projects/Wonderland_Project_03/WonderlandProject/Content/Assets/Emberlight/Textures/Trees/Tree05_Bonsai_Normal_T.uasset" 1860
"D:/Game_Projects/Projects/Wonderland_Project_03/WonderlandProject/Content/Assets/Emberlight/Textures/Trees/Tree05_Bonsai_Normal_T.ubulk" 1861
"D:/Game_Projects/Projects/Wonderland_Project_03/WonderlandProject/Content/Assets/Emberlight/Textures/Trees/Tree05_Bonsai_Normal_T.uexp" 1862
"D:/Game_Projects/Projects/Wonderland_Project_03/WonderlandProject/Content/Assets/Emberlight/Materials/Trees/Tree05_Bonsai_M.uasset" 1863
"D:/Game_Projects/Projects/Wonderland_Project_03/WonderlandProject/Content/Assets/Emberlight/Materials/Trees/Tree05_Bonsai_M.uexp" 1864
"D:/Game_Projects/Projects/Wonderland_Project_03/WonderlandProject/Content/Assets/Emberlight/Meshes/Trees/Tree05_Bonsai_SM.uasset" 1865
"D:/Game_Projects/Projects/Wonderland_Project_03/WonderlandProject/Content/Assets/Emberlight/Meshes/Trees/Tree05_Bonsai_SM.ubulk" 1866
"D:/Game_Projects/Projects/Wonderland_Project_03/WonderlandProject/Content/Assets/Emberlight/Meshes/Trees/Tree05_Bonsai_SM.uexp" 1867
"D:/Game_Projects/Projects/Wonderland_Project_03/WonderlandProject/Content/Assets/Emberlight/Textures/Props/Fireplace_BaseColor_T.uasset" 1868
"D:/Game_Projects/Projects/Wonderland_Project_03/WonderlandProject/Content/Assets/Emberlight/Textures/Props/Fireplace_BaseColor_T.ubulk" 1869
"D:/Game_Projects/Projects/Wonderland_Project_03/WonderlandProject/Content/Assets/Emberlight/Textures/Props/Fireplace_BaseColor_T.uexp" 1870
"D:/Game_Projects/Projects/Wonderland_Project_03/WonderlandProject/Content/Assets/Emberlight/Materials/Props/FireplaceWood_M.uasset" 1871
"D:/Game_Projects/Projects/Wonderland_Project_03/WonderlandProject/Content/Assets/Emberlight/Materials/Props/FireplaceWood_M.uexp" 1872
"D:/Game_Projects/Projects/Wonderland_Project_03/WonderlandProject/Content/Assets/Emberlight/Meshes/Props/Fireplace/Pot_SM.uasset" 1873
"D:/Game_Projects/Projects/Wonderland_Project_03/WonderlandProject/Content/Assets/Emberlight/Meshes/Props/Fireplace/Pot_SM.ubulk" 1874
"D:/Game_Projects/Projects/Wonderland_Project_03/WonderlandProject/Content/Assets/Emberlight/Meshes/Props/Fireplace/Pot_SM.uexp" 1875
"D:/Game_Projects/Projects/Wonderland_Project_03/WonderlandProject/Content/Assets/Emberlight/Meshes/Props/Compass/Compass_SM.uasset" 1876
"D:/Game_Projects/Projects/Wonderland_Project_03/WonderlandProject/Content/Assets/Emberlight/Meshes/Props/Compass/Compass_SM.ubulk" 1877
"D:/Game_Projects/Projects/Wonderland_Project_03/WonderlandProject/Content/Assets/Emberlight/Meshes/Props/Compass/Compass_SM.uexp" 1878
"D:/Game_Projects/Projects/Wonderland_Project_03/WonderlandProject/Content/Assets/Emberlight/Textures/Rocks/Rock07_Normal_T.uasset" 1879
"D:/Game_Projects/Projects/Wonderland_Project_03/WonderlandProject/Content/Assets/Emberlight/Textures/Rocks/Rock07_Normal_T.ubulk" 1880
"D:/Game_Projects/Projects/Wonderland_Project_03/WonderlandProject/Content/Assets/Emberlight/Textures/Rocks/Rock07_Normal_T.uexp" 1881
"D:/Game_Projects/Projects/Wonderland_Project_03/WonderlandProject/Content/Assets/Emberlight/Textures/Rocks/Rock07_Basecolor_T.uasset" 1882
"D:/Game_Projects/Projects/Wonderland_Project_03/WonderlandProject/Content/Assets/Emberlight/Textures/Rocks/Rock07_Basecolor_T.ubulk" 1883
"D:/Game_Projects/Projects/Wonderland_Project_03/WonderlandProject/Content/Assets/Emberlight/Textures/Rocks/Rock07_Basecolor_T.uexp" 1884
"D:/Game_Projects/Projects/Wonderland_Project_03/WonderlandProject/Content/Assets/Emberlight/Materials/Rocks/Rock07_MI.uasset" 1885
"D:/Game_Projects/Projects/Wonderland_Project_03/WonderlandProject/Content/Assets/Emberlight/Materials/Rocks/Rock07_MI.uexp" 1886
"D:/Game_Projects/Projects/Wonderland_Project_03/WonderlandProject/Content/Assets/Emberlight/Meshes/Rocks/Rock07_SM.uasset" 1887
"D:/Game_Projects/Projects/Wonderland_Project_03/WonderlandProject/Content/Assets/Emberlight/Meshes/Rocks/Rock07_SM.ubulk" 1888
"D:/Game_Projects/Projects/Wonderland_Project_03/WonderlandProject/Content/Assets/Emberlight/Meshes/Rocks/Rock07_SM.uexp" 1889
"D:/Game_Projects/Projects/Wonderland_Project_03/WonderlandProject/Content/Wonderland/Item/Weapon/ToyHammer/Mesh/Materials/T_THBaseColor.uasset" 1890
"D:/Game_Projects/Projects/Wonderland_Project_03/WonderlandProject/Content/Wonderland/Item/Weapon/ToyHammer/Mesh/Materials/T_THBaseColor.ubulk" 1891
"D:/Game_Projects/Projects/Wonderland_Project_03/WonderlandProject/Content/Wonderland/Item/Weapon/ToyHammer/Mesh/Materials/T_THBaseColor.uexp" 1892
"D:/Game_Projects/Projects/Wonderland_Project_03/WonderlandProject/Content/Wonderland/Item/Weapon/ToyHammer/Mesh/Materials/T_THRoughness.uasset" 1893
"D:/Game_Projects/Projects/Wonderland_Project_03/WonderlandProject/Content/Wonderland/Item/Weapon/ToyHammer/Mesh/Materials/T_THRoughness.ubulk" 1894
"D:/Game_Projects/Projects/Wonderland_Project_03/WonderlandProject/Content/Wonderland/Item/Weapon/ToyHammer/Mesh/Materials/T_THRoughness.uexp" 1895
"D:/Game_Projects/Projects/Wonderland_Project_03/WonderlandProject/Content/Wonderland/Item/Weapon/ToyHammer/Mesh/Materials/T_THNormal.uasset" 1896
"D:/Game_Projects/Projects/Wonderland_Project_03/WonderlandProject/Content/Wonderland/Item/Weapon/ToyHammer/Mesh/Materials/T_THNormal.ubulk" 1897
"D:/Game_Projects/Projects/Wonderland_Project_03/WonderlandProject/Content/Wonderland/Item/Weapon/ToyHammer/Mesh/Materials/T_THNormal.uexp" 1898
"D:/Game_Projects/Projects/Wonderland_Project_03/WonderlandProject/Content/Wonderland/Item/Weapon/ToyHammer/Mesh/Materials/MAT_ToyHammer.uasset" 1899
"D:/Game_Projects/Projects/Wonderland_Project_03/WonderlandProject/Content/Wonderland/Item/Weapon/ToyHammer/Mesh/Materials/MAT_ToyHammer.uexp" 1900
"D:/Game_Projects/Projects/Wonderland_Project_03/WonderlandProject/Content/Wonderland/Item/Weapon/ToyHammer/Mesh/ToyHammer.uasset" 1901
"D:/Game_Projects/Projects/Wonderland_Project_03/WonderlandProject/Content/Wonderland/Item/Weapon/ToyHammer/Mesh/ToyHammer.ubulk" 1902
"D:/Game_Projects/Projects/Wonderland_Project_03/WonderlandProject/Content/Wonderland/Item/Weapon/ToyHammer/Mesh/ToyHammer.uexp" 1903
"D:/Game_Projects/Projects/Wonderland_Project_03/WonderlandProject/Content/Wonderland/Item/Weapon/ToyHammer/BP_ToyHammer.uasset" 1904
"D:/Game_Projects/Projects/Wonderland_Project_03/WonderlandProject/Content/Wonderland/Item/Weapon/ToyHammer/BP_ToyHammer.uexp" 1905
"D:/Game_Projects/Projects/Wonderland_Project_03/WonderlandProject/Content/Assets/Emberlight/FoliageMeshes/Bush02_SMF.uasset" 1906
"D:/Game_Projects/Projects/Wonderland_Project_03/WonderlandProject/Content/Assets/Emberlight/FoliageMeshes/Bush02_SMF.uexp" 1907
"D:/Game_Projects/Projects/Wonderland_Project_03/WonderlandProject/Content/Assets/Emberlight/FoliageMeshes/Rock06_SMF.uasset" 1908
"D:/Game_Projects/Projects/Wonderland_Project_03/WonderlandProject/Content/Assets/Emberlight/FoliageMeshes/Rock06_SMF.uexp" 1909
"D:/Game_Projects/Projects/Wonderland_Project_03/WonderlandProject/Content/Assets/Emberlight/FoliageMeshes/Rock08_SMF.uasset" 1910
"D:/Game_Projects/Projects/Wonderland_Project_03/WonderlandProject/Content/Assets/Emberlight/FoliageMeshes/Rock08_SMF.uexp" 1911
"D:/Game_Projects/Projects/Wonderland_Project_03/WonderlandProject/Content/Assets/Emberlight/Textures/Props/OilLamp_Metalness_T.uasset" 1912
"D:/Game_Projects/Projects/Wonderland_Project_03/WonderlandProject/Content/Assets/Emberlight/Textures/Props/OilLamp_Metalness_T.ubulk" 1913
"D:/Game_Projects/Projects/Wonderland_Project_03/WonderlandProject/Content/Assets/Emberlight/Textures/Props/OilLamp_Metalness_T.uexp" 1914
"D:/Game_Projects/Projects/Wonderland_Project_03/WonderlandProject/Content/Assets/Emberlight/Textures/Props/OilLamp_Emission_T.uasset" 1915
"D:/Game_Projects/Projects/Wonderland_Project_03/WonderlandProject/Content/Assets/Emberlight/Textures/Props/OilLamp_Emission_T.ubulk" 1916
"D:/Game_Projects/Projects/Wonderland_Project_03/WonderlandProject/Content/Assets/Emberlight/Textures/Props/OilLamp_Emission_T.uexp" 1917
"D:/Game_Projects/Projects/Wonderland_Project_03/WonderlandProject/Content/Assets/Emberlight/Textures/Props/Oillamp_BaseColor_T.uasset" 1918
"D:/Game_Projects/Projects/Wonderland_Project_03/WonderlandProject/Content/Assets/Emberlight/Textures/Props/Oillamp_BaseColor_T.ubulk" 1919
"D:/Game_Projects/Projects/Wonderland_Project_03/WonderlandProject/Content/Assets/Emberlight/Textures/Props/Oillamp_BaseColor_T.uexp" 1920
"D:/Game_Projects/Projects/Wonderland_Project_03/WonderlandProject/Content/Assets/Emberlight/Textures/Props/OilLamp_Roughness_T.uasset" 1921
"D:/Game_Projects/Projects/Wonderland_Project_03/WonderlandProject/Content/Assets/Emberlight/Textures/Props/OilLamp_Roughness_T.ubulk" 1922
"D:/Game_Projects/Projects/Wonderland_Project_03/WonderlandProject/Content/Assets/Emberlight/Textures/Props/OilLamp_Roughness_T.uexp" 1923
"D:/Game_Projects/Projects/Wonderland_Project_03/WonderlandProject/Content/Assets/Emberlight/Materials/Props/OilLamp_M.uasset" 1924
"D:/Game_Projects/Projects/Wonderland_Project_03/WonderlandProject/Content/Assets/Emberlight/Materials/Props/OilLamp_M.uexp" 1925
"D:/Game_Projects/Projects/Wonderland_Project_03/WonderlandProject/Content/Assets/Emberlight/Meshes/Props/OilLamp_SM.uasset" 1926
"D:/Game_Projects/Projects/Wonderland_Project_03/WonderlandProject/Content/Assets/Emberlight/Meshes/Props/OilLamp_SM.ubulk" 1927
"D:/Game_Projects/Projects/Wonderland_Project_03/WonderlandProject/Content/Assets/Emberlight/Meshes/Props/OilLamp_SM.uexp" 1928
"D:/Game_Projects/Projects/Wonderland_Project_03/WonderlandProject/Content/Assets/Emberlight/Meshes/Foliage/FlowerGroupPurple_SM.uasset" 1929
"D:/Game_Projects/Projects/Wonderland_Project_03/WonderlandProject/Content/Assets/Emberlight/Meshes/Foliage/FlowerGroupPurple_SM.ubulk" 1930
"D:/Game_Projects/Projects/Wonderland_Project_03/WonderlandProject/Content/Assets/Emberlight/Meshes/Foliage/FlowerGroupPurple_SM.uexp" 1931
"D:/Game_Projects/Projects/Wonderland_Project_03/WonderlandProject/Content/Assets/Emberlight/Materials/Effects/GlowEffect_M.uasset" 1932
"D:/Game_Projects/Projects/Wonderland_Project_03/WonderlandProject/Content/Assets/Emberlight/Materials/Effects/GlowEffect_M.uexp" 1933
"D:/Game_Projects/Projects/Wonderland_Project_03/WonderlandProject/Content/Assets/Emberlight/Effects/GlowingDust_FXS.uasset" 1934
"D:/Game_Projects/Projects/Wonderland_Project_03/WonderlandProject/Content/Assets/Emberlight/Effects/GlowingDust_FXS.uexp" 1935
"D:/Game_Projects/Projects/Wonderland_Project_03/WonderlandProject/Content/Assets/Emberlight/Materials/Rocks/Rock01_MI.uasset" 1936
"D:/Game_Projects/Projects/Wonderland_Project_03/WonderlandProject/Content/Assets/Emberlight/Materials/Rocks/Rock01_MI.uexp" 1937
"D:/Game_Projects/Projects/Wonderland_Project_03/WonderlandProject/Content/Assets/Emberlight/Meshes/Rocks/Rock01_SM.uasset" 1938
"D:/Game_Projects/Projects/Wonderland_Project_03/WonderlandProject/Content/Assets/Emberlight/Meshes/Rocks/Rock01_SM.ubulk" 1939
"D:/Game_Projects/Projects/Wonderland_Project_03/WonderlandProject/Content/Assets/Emberlight/Meshes/Rocks/Rock01_SM.uexp" 1940
"D:/Game_Projects/Projects/Wonderland_Project_03/WonderlandProject/Content/Assets/Emberlight/Textures/Trees/Tree03_PineLeaf_Basecolor_T.uasset" 1941
"D:/Game_Projects/Projects/Wonderland_Project_03/WonderlandProject/Content/Assets/Emberlight/Textures/Trees/Tree03_PineLeaf_Basecolor_T.ubulk" 1942
"D:/Game_Projects/Projects/Wonderland_Project_03/WonderlandProject/Content/Assets/Emberlight/Textures/Trees/Tree03_PineLeaf_Basecolor_T.uexp" 1943
"D:/Game_Projects/Projects/Wonderland_Project_03/WonderlandProject/Content/Assets/Emberlight/Materials/Trees/Tree03_PineLeaf_M.uasset" 1944
"D:/Game_Projects/Projects/Wonderland_Project_03/WonderlandProject/Content/Assets/Emberlight/Materials/Trees/Tree03_PineLeaf_M.uexp" 1945
"D:/Game_Projects/Projects/Wonderland_Project_03/WonderlandProject/Content/Assets/Emberlight/Textures/Trees/Tree03_Pine_Normal_T.uasset" 1946
"D:/Game_Projects/Projects/Wonderland_Project_03/WonderlandProject/Content/Assets/Emberlight/Textures/Trees/Tree03_Pine_Normal_T.ubulk" 1947
"D:/Game_Projects/Projects/Wonderland_Project_03/WonderlandProject/Content/Assets/Emberlight/Textures/Trees/Tree03_Pine_Normal_T.uexp" 1948
"D:/Game_Projects/Projects/Wonderland_Project_03/WonderlandProject/Content/Assets/Emberlight/Textures/Trees/Tree03_Pine_Basecolor_T.uasset" 1949
"D:/Game_Projects/Projects/Wonderland_Project_03/WonderlandProject/Content/Assets/Emberlight/Textures/Trees/Tree03_Pine_Basecolor_T.ubulk" 1950
"D:/Game_Projects/Projects/Wonderland_Project_03/WonderlandProject/Content/Assets/Emberlight/Textures/Trees/Tree03_Pine_Basecolor_T.uexp" 1951
"D:/Game_Projects/Projects/Wonderland_Project_03/WonderlandProject/Content/Assets/Emberlight/Materials/Trees/Tree03_Pine_M.uasset" 1952
"D:/Game_Projects/Projects/Wonderland_Project_03/WonderlandProject/Content/Assets/Emberlight/Materials/Trees/Tree03_Pine_M.uexp" 1953
"D:/Game_Projects/Projects/Wonderland_Project_03/WonderlandProject/Content/Assets/Emberlight/Meshes/Trees/Tree04_Pine_SM.uasset" 1954
"D:/Game_Projects/Projects/Wonderland_Project_03/WonderlandProject/Content/Assets/Emberlight/Meshes/Trees/Tree04_Pine_SM.ubulk" 1955
"D:/Game_Projects/Projects/Wonderland_Project_03/WonderlandProject/Content/Assets/Emberlight/Meshes/Trees/Tree04_Pine_SM.uexp" 1956
"D:/Game_Projects/Projects/Wonderland_Project_03/WonderlandProject/Content/Assets/Emberlight/FoliageMeshes/Rock07_SMF.uasset" 1957
"D:/Game_Projects/Projects/Wonderland_Project_03/WonderlandProject/Content/Assets/Emberlight/FoliageMeshes/Rock07_SMF.uexp" 1958
"D:/Game_Projects/Projects/Wonderland_Project_03/WonderlandProject/Content/Assets/Emberlight/Textures/Foliage/TreeLog_Normal_T.uasset" 1959
"D:/Game_Projects/Projects/Wonderland_Project_03/WonderlandProject/Content/Assets/Emberlight/Textures/Foliage/TreeLog_Normal_T.ubulk" 1960
"D:/Game_Projects/Projects/Wonderland_Project_03/WonderlandProject/Content/Assets/Emberlight/Textures/Foliage/TreeLog_Normal_T.uexp" 1961
"D:/Game_Projects/Projects/Wonderland_Project_03/WonderlandProject/Content/Assets/Emberlight/Textures/Foliage/TreeLog_Roughness_T.uasset" 1962
"D:/Game_Projects/Projects/Wonderland_Project_03/WonderlandProject/Content/Assets/Emberlight/Textures/Foliage/TreeLog_Roughness_T.ubulk" 1963
"D:/Game_Projects/Projects/Wonderland_Project_03/WonderlandProject/Content/Assets/Emberlight/Textures/Foliage/TreeLog_Roughness_T.uexp" 1964
"D:/Game_Projects/Projects/Wonderland_Project_03/WonderlandProject/Content/Assets/Emberlight/Textures/Foliage/TreeLog_Basecolor_T.uasset" 1965
"D:/Game_Projects/Projects/Wonderland_Project_03/WonderlandProject/Content/Assets/Emberlight/Textures/Foliage/TreeLog_Basecolor_T.ubulk" 1966
"D:/Game_Projects/Projects/Wonderland_Project_03/WonderlandProject/Content/Assets/Emberlight/Textures/Foliage/TreeLog_Basecolor_T.uexp" 1967
"D:/Game_Projects/Projects/Wonderland_Project_03/WonderlandProject/Content/Assets/Emberlight/Materials/Foliage/TreeLog_M.uasset" 1968
"D:/Game_Projects/Projects/Wonderland_Project_03/WonderlandProject/Content/Assets/Emberlight/Materials/Foliage/TreeLog_M.uexp" 1969
"D:/Game_Projects/Projects/Wonderland_Project_03/WonderlandProject/Content/Assets/Emberlight/Meshes/Foliage/TreeLog_SM.uasset" 1970
"D:/Game_Projects/Projects/Wonderland_Project_03/WonderlandProject/Content/Assets/Emberlight/Meshes/Foliage/TreeLog_SM.ubulk" 1971
"D:/Game_Projects/Projects/Wonderland_Project_03/WonderlandProject/Content/Assets/Emberlight/Meshes/Foliage/TreeLog_SM.uexp" 1972
"D:/Game_Projects/Projects/Wonderland_Project_03/WonderlandProject/Content/Assets/Emberlight/Meshes/Foliage/Plant03_SM.uasset" 1973
"D:/Game_Projects/Projects/Wonderland_Project_03/WonderlandProject/Content/Assets/Emberlight/Meshes/Foliage/Plant03_SM.ubulk" 1974
"D:/Game_Projects/Projects/Wonderland_Project_03/WonderlandProject/Content/Assets/Emberlight/Meshes/Foliage/Plant03_SM.uexp" 1975
"D:/Game_Projects/Projects/Wonderland_Project_03/WonderlandProject/Content/Assets/Emberlight/Textures/Props/Backpack_Normal_T.uasset" 1976
"D:/Game_Projects/Projects/Wonderland_Project_03/WonderlandProject/Content/Assets/Emberlight/Textures/Props/Backpack_Normal_T.ubulk" 1977
"D:/Game_Projects/Projects/Wonderland_Project_03/WonderlandProject/Content/Assets/Emberlight/Textures/Props/Backpack_Normal_T.uexp" 1978
"D:/Game_Projects/Projects/Wonderland_Project_03/WonderlandProject/Content/Assets/Emberlight/Textures/Props/Backpack_Roughness_T.uasset" 1979
"D:/Game_Projects/Projects/Wonderland_Project_03/WonderlandProject/Content/Assets/Emberlight/Textures/Props/Backpack_Roughness_T.ubulk" 1980
"D:/Game_Projects/Projects/Wonderland_Project_03/WonderlandProject/Content/Assets/Emberlight/Textures/Props/Backpack_Roughness_T.uexp" 1981
"D:/Game_Projects/Projects/Wonderland_Project_03/WonderlandProject/Content/Assets/Emberlight/Textures/Props/Backpack_BaseColor_T.uasset" 1982
"D:/Game_Projects/Projects/Wonderland_Project_03/WonderlandProject/Content/Assets/Emberlight/Textures/Props/Backpack_BaseColor_T.ubulk" 1983
"D:/Game_Projects/Projects/Wonderland_Project_03/WonderlandProject/Content/Assets/Emberlight/Textures/Props/Backpack_BaseColor_T.uexp" 1984
"D:/Game_Projects/Projects/Wonderland_Project_03/WonderlandProject/Content/Assets/Emberlight/Materials/Props/Backpack_M.uasset" 1985
"D:/Game_Projects/Projects/Wonderland_Project_03/WonderlandProject/Content/Assets/Emberlight/Materials/Props/Backpack_M.uexp" 1986
"D:/Game_Projects/Projects/Wonderland_Project_03/WonderlandProject/Content/Assets/Emberlight/Meshes/Props/Backpack_SM.uasset" 1987
"D:/Game_Projects/Projects/Wonderland_Project_03/WonderlandProject/Content/Assets/Emberlight/Meshes/Props/Backpack_SM.ubulk" 1988
"D:/Game_Projects/Projects/Wonderland_Project_03/WonderlandProject/Content/Assets/Emberlight/Meshes/Props/Backpack_SM.uexp" 1989
"D:/Game_Projects/Projects/Wonderland_Project_03/WonderlandProject/Content/Assets/Emberlight/FoliageMeshes/Tree06_SMF.uasset" 1990
"D:/Game_Projects/Projects/Wonderland_Project_03/WonderlandProject/Content/Assets/Emberlight/FoliageMeshes/Tree06_SMF.uexp" 1991
"D:/Game_Projects/Projects/Wonderland_Project_03/WonderlandProject/Content/Wonderland/Character/PlayerCharacter/Mesh/SK_Amy.uasset" 1992
"D:/Game_Projects/Projects/Wonderland_Project_03/WonderlandProject/Content/Wonderland/Character/PlayerCharacter/Mesh/SK_Amy.uexp" 1993
"D:/Game_Projects/Projects/Wonderland_Project_03/WonderlandProject/Content/Wonderland/Character/PlayerCharacter/Animations/Weapon/ToyHammer_Attack2.uasset" 1994
"D:/Game_Projects/Projects/Wonderland_Project_03/WonderlandProject/Content/Wonderland/Character/PlayerCharacter/Animations/Weapon/ToyHammer_Attack2.uexp" 1995
"D:/Game_Projects/Projects/Wonderland_Project_03/WonderlandProject/Content/Wonderland/Character/PlayerCharacter/Animations/Weapon/ToyHammer_Attack1.uasset" 1996
"D:/Game_Projects/Projects/Wonderland_Project_03/WonderlandProject/Content/Wonderland/Character/PlayerCharacter/Animations/Weapon/ToyHammer_Attack1.uexp" 1997
"D:/Game_Projects/Projects/Wonderland_Project_03/WonderlandProject/Content/Wonderland/Character/PlayerCharacter/Animations/Weapon/AM_ToyHammerAttack.uasset" 1998
"D:/Game_Projects/Projects/Wonderland_Project_03/WonderlandProject/Content/Wonderland/Character/PlayerCharacter/Animations/Weapon/AM_ToyHammerAttack.uexp" 1999
"D:/Game_Projects/Projects/Wonderland_Project_03/WonderlandProject/Content/Wonderland/Widget/PlayerCharacter/Textures/T_MiniMapRT.uasset" 2000
"D:/Game_Projects/Projects/Wonderland_Project_03/WonderlandProject/Content/Wonderland/Widget/PlayerCharacter/Textures/T_MiniMapRT.uexp" 2001
"D:/Game_Projects/Projects/Wonderland_Project_03/WonderlandProject/Content/Wonderland/Widget/PlayerCharacter/Textures/T_MiniMapCircle.uasset" 2002
"D:/Game_Projects/Projects/Wonderland_Project_03/WonderlandProject/Content/Wonderland/Widget/PlayerCharacter/Textures/T_MiniMapCircle.uexp" 2003
"D:/Game_Projects/Projects/Wonderland_Project_03/WonderlandProject/Content/Wonderland/Widget/PlayerCharacter/Textures/MAT_MiniMap.uasset" 2004
"D:/Game_Projects/Projects/Wonderland_Project_03/WonderlandProject/Content/Wonderland/Widget/PlayerCharacter/Textures/MAT_MiniMap.uexp" 2005
"D:/Game_Projects/Projects/Wonderland_Project_03/WonderlandProject/Content/Wonderland/Widget/PlayerCharacter/Textures/T_SteminaIcon.uasset" 2006
"D:/Game_Projects/Projects/Wonderland_Project_03/WonderlandProject/Content/Wonderland/Widget/PlayerCharacter/Textures/T_SteminaIcon.uexp" 2007
"D:/Game_Projects/Projects/Wonderland_Project_03/WonderlandProject/Content/Wonderland/Widget/PlayerCharacter/Textures/T_PlayerStateBarBackground.uasset" 2008
"D:/Game_Projects/Projects/Wonderland_Project_03/WonderlandProject/Content/Wonderland/Widget/PlayerCharacter/Textures/T_PlayerStateBarBackground.uexp" 2009
"D:/Game_Projects/Projects/Wonderland_Project_03/WonderlandProject/Content/Wonderland/Widget/PlayerCharacter/Textures/T_HealthIcon.uasset" 2010
"D:/Game_Projects/Projects/Wonderland_Project_03/WonderlandProject/Content/Wonderland/Widget/PlayerCharacter/Textures/T_HealthIcon.uexp" 2011
"D:/Game_Projects/Projects/Wonderland_Project_03/WonderlandProject/Content/Wonderland/Widget/PlayerCharacter/Textures/T_MinimapPlayerLoc.uasset" 2012
"D:/Game_Projects/Projects/Wonderland_Project_03/WonderlandProject/Content/Wonderland/Widget/PlayerCharacter/Textures/T_MinimapPlayerLoc.uexp" 2013
"D:/Game_Projects/Projects/Wonderland_Project_03/WonderlandProject/Content/Wonderland/Widget/PlayerCharacter/WBP_PlayerInfo.uasset" 2014
"D:/Game_Projects/Projects/Wonderland_Project_03/WonderlandProject/Content/Wonderland/Widget/PlayerCharacter/WBP_PlayerInfo.uexp" 2015
"D:/Game_Projects/Projects/Wonderland_Project_03/WonderlandProject/Content/Wonderland/Character/PlayerCharacter/Animations/RightPunch.uasset" 2016
"D:/Game_Projects/Projects/Wonderland_Project_03/WonderlandProject/Content/Wonderland/Character/PlayerCharacter/Animations/RightPunch.uexp" 2017
"D:/Game_Projects/Projects/Wonderland_Project_03/WonderlandProject/Content/Wonderland/Character/PlayerCharacter/Animations/LeftPunch.uasset" 2018
"D:/Game_Projects/Projects/Wonderland_Project_03/WonderlandProject/Content/Wonderland/Character/PlayerCharacter/Animations/LeftPunch.uexp" 2019
"D:/Game_Projects/Projects/Wonderland_Project_03/WonderlandProject/Content/Wonderland/Character/PlayerCharacter/Animations/AM_PunchAttack.uasset" 2020
"D:/Game_Projects/Projects/Wonderland_Project_03/WonderlandProject/Content/Wonderland/Character/PlayerCharacter/Animations/AM_PunchAttack.uexp" 2021
"D:/Game_Projects/Projects/Wonderland_Project_03/WonderlandProject/Content/Wonderland/Character/PlayerCharacter/Mesh/PA_Amy.uasset" 2022
"D:/Game_Projects/Projects/Wonderland_Project_03/WonderlandProject/Content/Wonderland/Character/PlayerCharacter/Mesh/PA_Amy.uexp" 2023
"D:/Game_Projects/Projects/Wonderland_Project_03/WonderlandProject/Content/Wonderland/Character/PlayerCharacter/Mesh/Materials/T_AmyNormal.uasset" 2024
"D:/Game_Projects/Projects/Wonderland_Project_03/WonderlandProject/Content/Wonderland/Character/PlayerCharacter/Mesh/Materials/T_AmyNormal.ubulk" 2025
"D:/Game_Projects/Projects/Wonderland_Project_03/WonderlandProject/Content/Wonderland/Character/PlayerCharacter/Mesh/Materials/T_AmyNormal.uexp" 2026
"D:/Game_Projects/Projects/Wonderland_Project_03/WonderlandProject/Content/Wonderland/Character/PlayerCharacter/Mesh/Materials/T_AmySpecular.uasset" 2027
"D:/Game_Projects/Projects/Wonderland_Project_03/WonderlandProject/Content/Wonderland/Character/PlayerCharacter/Mesh/Materials/T_AmySpecular.ubulk" 2028
"D:/Game_Projects/Projects/Wonderland_Project_03/WonderlandProject/Content/Wonderland/Character/PlayerCharacter/Mesh/Materials/T_AmySpecular.uexp" 2029
"D:/Game_Projects/Projects/Wonderland_Project_03/WonderlandProject/Content/Wonderland/Character/PlayerCharacter/Mesh/Materials/T_AmyGlossiness.uasset" 2030
"D:/Game_Projects/Projects/Wonderland_Project_03/WonderlandProject/Content/Wonderland/Character/PlayerCharacter/Mesh/Materials/T_AmyGlossiness.ubulk" 2031
"D:/Game_Projects/Projects/Wonderland_Project_03/WonderlandProject/Content/Wonderland/Character/PlayerCharacter/Mesh/Materials/T_AmyGlossiness.uexp" 2032
"D:/Game_Projects/Projects/Wonderland_Project_03/WonderlandProject/Content/Wonderland/Character/PlayerCharacter/Mesh/Materials/T_AmyDiffuse.uasset" 2033
"D:/Game_Projects/Projects/Wonderland_Project_03/WonderlandProject/Content/Wonderland/Character/PlayerCharacter/Mesh/Materials/T_AmyDiffuse.ubulk" 2034
"D:/Game_Projects/Projects/Wonderland_Project_03/WonderlandProject/Content/Wonderland/Character/PlayerCharacter/Mesh/Materials/T_AmyDiffuse.uexp" 2035
"D:/Game_Projects/Projects/Wonderland_Project_03/WonderlandProject/Content/Wonderland/Character/PlayerCharacter/Mesh/Materials/MAT_AmyBody.uasset" 2036
"D:/Game_Projects/Projects/Wonderland_Project_03/WonderlandProject/Content/Wonderland/Character/PlayerCharacter/Mesh/Materials/MAT_AmyBody.uexp" 2037
"D:/Game_Projects/Projects/Wonderland_Project_03/WonderlandProject/Content/Wonderland/Character/PlayerCharacter/Mesh/SKM_Amy.uasset" 2038
"D:/Game_Projects/Projects/Wonderland_Project_03/WonderlandProject/Content/Wonderland/Character/PlayerCharacter/Mesh/SKM_Amy.uexp" 2039
"D:/Game_Projects/Projects/Wonderland_Project_03/WonderlandProject/Content/Wonderland/Character/PlayerCharacter/Animations/Idle.uasset" 2040
"D:/Game_Projects/Projects/Wonderland_Project_03/WonderlandProject/Content/Wonderland/Character/PlayerCharacter/Animations/Idle.uexp" 2041
"D:/Game_Projects/Projects/Wonderland_Project_03/WonderlandProject/Content/Wonderland/Character/PlayerCharacter/Animations/Run.uasset" 2042
"D:/Game_Projects/Projects/Wonderland_Project_03/WonderlandProject/Content/Wonderland/Character/PlayerCharacter/Animations/Run.uexp" 2043
"D:/Game_Projects/Projects/Wonderland_Project_03/WonderlandProject/Content/Wonderland/Character/PlayerCharacter/Animations/JumpUp.uasset" 2044
"D:/Game_Projects/Projects/Wonderland_Project_03/WonderlandProject/Content/Wonderland/Character/PlayerCharacter/Animations/JumpUp.uexp" 2045
"D:/Game_Projects/Projects/Wonderland_Project_03/WonderlandProject/Content/Wonderland/Character/PlayerCharacter/Animations/Weapon/ToyHammer_Run.uasset" 2046
"D:/Game_Projects/Projects/Wonderland_Project_03/WonderlandProject/Content/Wonderland/Character/PlayerCharacter/Animations/Weapon/ToyHammer_Run.uexp" 2047
"D:/Game_Projects/Projects/Wonderland_Project_03/WonderlandProject/Content/Wonderland/Character/PlayerCharacter/Animations/Weapon/ToyHammer_Death.uasset" 2048
"D:/Game_Projects/Projects/Wonderland_Project_03/WonderlandProject/Content/Wonderland/Character/PlayerCharacter/Animations/Weapon/ToyHammer_Death.uexp" 2049
"D:/Game_Projects/Projects/Wonderland_Project_03/WonderlandProject/Content/Wonderland/Character/PlayerCharacter/Animations/Walk.uasset" 2050
"D:/Game_Projects/Projects/Wonderland_Project_03/WonderlandProject/Content/Wonderland/Character/PlayerCharacter/Animations/Walk.uexp" 2051
"D:/Game_Projects/Projects/Wonderland_Project_03/WonderlandProject/Content/Wonderland/Character/PlayerCharacter/Animations/Weapon/ToyHammer_Idle.uasset" 2052
"D:/Game_Projects/Projects/Wonderland_Project_03/WonderlandProject/Content/Wonderland/Character/PlayerCharacter/Animations/Weapon/ToyHammer_Idle.uexp" 2053
"D:/Game_Projects/Projects/Wonderland_Project_03/WonderlandProject/Content/Wonderland/Character/PlayerCharacter/Animations/Death.uasset" 2054
"D:/Game_Projects/Projects/Wonderland_Project_03/WonderlandProject/Content/Wonderland/Character/PlayerCharacter/Animations/Death.uexp" 2055
"D:/Game_Projects/Projects/Wonderland_Project_03/WonderlandProject/Content/Wonderland/Character/PlayerCharacter/Animations/Weapon/ToyHammer_Walk.uasset" 2056
"D:/Game_Projects/Projects/Wonderland_Project_03/WonderlandProject/Content/Wonderland/Character/PlayerCharacter/Animations/Weapon/ToyHammer_Walk.uexp" 2057
"D:/Game_Projects/Projects/Wonderland_Project_03/WonderlandProject/Content/Wonderland/Character/PlayerCharacter/Animations/JumpDown.uasset" 2058
"D:/Game_Projects/Projects/Wonderland_Project_03/WonderlandProject/Content/Wonderland/Character/PlayerCharacter/Animations/JumpDown.uexp" 2059
"D:/Game_Projects/Projects/Wonderland_Project_03/WonderlandProject/Content/Wonderland/Character/PlayerCharacter/ABP_PlayerCharacter.uasset" 2060
"D:/Game_Projects/Projects/Wonderland_Project_03/WonderlandProject/Content/Wonderland/Character/PlayerCharacter/ABP_PlayerCharacter.uexp" 2061
"D:/Game_Projects/Projects/Wonderland_Project_03/WonderlandProject/Content/Wonderland/Character/PlayerCharacter/Animations/HitReact_Back.uasset" 2062
"D:/Game_Projects/Projects/Wonderland_Project_03/WonderlandProject/Content/Wonderland/Character/PlayerCharacter/Animations/HitReact_Back.uexp" 2063
"D:/Game_Projects/Projects/Wonderland_Project_03/WonderlandProject/Content/Wonderland/Character/PlayerCharacter/Animations/HitReact_Left.uasset" 2064
"D:/Game_Projects/Projects/Wonderland_Project_03/WonderlandProject/Content/Wonderland/Character/PlayerCharacter/Animations/HitReact_Left.uexp" 2065
"D:/Game_Projects/Projects/Wonderland_Project_03/WonderlandProject/Content/Wonderland/Character/PlayerCharacter/Animations/HitReact_Right.uasset" 2066
"D:/Game_Projects/Projects/Wonderland_Project_03/WonderlandProject/Content/Wonderland/Character/PlayerCharacter/Animations/HitReact_Right.uexp" 2067
"D:/Game_Projects/Projects/Wonderland_Project_03/WonderlandProject/Content/Wonderland/Character/PlayerCharacter/Animations/HitReact_Front.uasset" 2068
"D:/Game_Projects/Projects/Wonderland_Project_03/WonderlandProject/Content/Wonderland/Character/PlayerCharacter/Animations/HitReact_Front.uexp" 2069
"D:/Game_Projects/Projects/Wonderland_Project_03/WonderlandProject/Content/Wonderland/Character/PlayerCharacter/Animations/AM_HitReact.uasset" 2070
"D:/Game_Projects/Projects/Wonderland_Project_03/WonderlandProject/Content/Wonderland/Character/PlayerCharacter/Animations/AM_HitReact.uexp" 2071
"D:/Game_Projects/Projects/Wonderland_Project_03/WonderlandProject/Content/Wonderland/Character/PlayerCharacter/BP_PlayerCharacter.uasset" 2072
"D:/Game_Projects/Projects/Wonderland_Project_03/WonderlandProject/Content/Wonderland/Character/PlayerCharacter/BP_PlayerCharacter.uexp" 2073
"D:/Game_Projects/Projects/Wonderland_Project_03/WonderlandProject/Content/Wonderland/GameMode/BP_GameMode.uasset" 2074
"D:/Game_Projects/Projects/Wonderland_Project_03/WonderlandProject/Content/Wonderland/GameMode/BP_GameMode.uexp" 2075
"D:/Game_Projects/Projects/Wonderland_Project_03/WonderlandProject/Content/Assets/Emberlight/FoliageMeshes/WoodStick03_SMF.uasset" 2076
"D:/Game_Projects/Projects/Wonderland_Project_03/WonderlandProject/Content/Assets/Emberlight/FoliageMeshes/WoodStick03_SMF.uexp" 2077
"D:/Game_Projects/Projects/Wonderland_Project_03/WonderlandProject/Content/Assets/Emberlight/Textures/Foliage/WoodStick02_BaseColor_T.uasset" 2078
"D:/Game_Projects/Projects/Wonderland_Project_03/WonderlandProject/Content/Assets/Emberlight/Textures/Foliage/WoodStick02_BaseColor_T.ubulk" 2079
"D:/Game_Projects/Projects/Wonderland_Project_03/WonderlandProject/Content/Assets/Emberlight/Textures/Foliage/WoodStick02_BaseColor_T.uexp" 2080
"D:/Game_Projects/Projects/Wonderland_Project_03/WonderlandProject/Content/Assets/Emberlight/Textures/Foliage/WoodStick02_Normal_T.uasset" 2081
"D:/Game_Projects/Projects/Wonderland_Project_03/WonderlandProject/Content/Assets/Emberlight/Textures/Foliage/WoodStick02_Normal_T.ubulk" 2082
"D:/Game_Projects/Projects/Wonderland_Project_03/WonderlandProject/Content/Assets/Emberlight/Textures/Foliage/WoodStick02_Normal_T.uexp" 2083
"D:/Game_Projects/Projects/Wonderland_Project_03/WonderlandProject/Content/Assets/Emberlight/Materials/Foliage/Woodstick02_M.uasset" 2084
"D:/Game_Projects/Projects/Wonderland_Project_03/WonderlandProject/Content/Assets/Emberlight/Materials/Foliage/Woodstick02_M.uexp" 2085
"D:/Game_Projects/Projects/Wonderland_Project_03/WonderlandProject/Content/Assets/Emberlight/Meshes/Foliage/WoodStick02_SM.uasset" 2086
"D:/Game_Projects/Projects/Wonderland_Project_03/WonderlandProject/Content/Assets/Emberlight/Meshes/Foliage/WoodStick02_SM.ubulk" 2087
"D:/Game_Projects/Projects/Wonderland_Project_03/WonderlandProject/Content/Assets/Emberlight/Meshes/Foliage/WoodStick02_SM.uexp" 2088
"D:/Game_Projects/Projects/Wonderland_Project_03/WonderlandProject/Content/Assets/Emberlight/FoliageMeshes/Plant03_SMF.uasset" 2089
"D:/Game_Projects/Projects/Wonderland_Project_03/WonderlandProject/Content/Assets/Emberlight/FoliageMeshes/Plant03_SMF.uexp" 2090
"D:/Game_Projects/Projects/Wonderland_Project_03/WonderlandProject/Content/Assets/Emberlight/Meshes/Foliage/FlowerGroupRed_SM.uasset" 2091
"D:/Game_Projects/Projects/Wonderland_Project_03/WonderlandProject/Content/Assets/Emberlight/Meshes/Foliage/FlowerGroupRed_SM.ubulk" 2092
"D:/Game_Projects/Projects/Wonderland_Project_03/WonderlandProject/Content/Assets/Emberlight/Meshes/Foliage/FlowerGroupRed_SM.uexp" 2093
"D:/Game_Projects/Projects/Wonderland_Project_03/WonderlandProject/Content/Assets/Emberlight/Meshes/Foliage/GrassPlane_SM.uasset" 2094
"D:/Game_Projects/Projects/Wonderland_Project_03/WonderlandProject/Content/Assets/Emberlight/Meshes/Foliage/GrassPlane_SM.ubulk" 2095
"D:/Game_Projects/Projects/Wonderland_Project_03/WonderlandProject/Content/Assets/Emberlight/Meshes/Foliage/GrassPlane_SM.uexp" 2096
"D:/Game_Projects/Projects/Wonderland_Project_03/WonderlandProject/Content/Assets/Emberlight/Textures/Foliage/Mushroom02_Roughness_T.uasset" 2097
"D:/Game_Projects/Projects/Wonderland_Project_03/WonderlandProject/Content/Assets/Emberlight/Textures/Foliage/Mushroom02_Roughness_T.ubulk" 2098
"D:/Game_Projects/Projects/Wonderland_Project_03/WonderlandProject/Content/Assets/Emberlight/Textures/Foliage/Mushroom02_Roughness_T.uexp" 2099
"D:/Game_Projects/Projects/Wonderland_Project_03/WonderlandProject/Content/Assets/Emberlight/Textures/Foliage/Mushroom02_Basecolor_T.uasset" 2100
"D:/Game_Projects/Projects/Wonderland_Project_03/WonderlandProject/Content/Assets/Emberlight/Textures/Foliage/Mushroom02_Basecolor_T.ubulk" 2101
"D:/Game_Projects/Projects/Wonderland_Project_03/WonderlandProject/Content/Assets/Emberlight/Textures/Foliage/Mushroom02_Basecolor_T.uexp" 2102
"D:/Game_Projects/Projects/Wonderland_Project_03/WonderlandProject/Content/Assets/Emberlight/Materials/Foliage/Mushroom02_M.uasset" 2103
"D:/Game_Projects/Projects/Wonderland_Project_03/WonderlandProject/Content/Assets/Emberlight/Materials/Foliage/Mushroom02_M.uexp" 2104
"D:/Game_Projects/Projects/Wonderland_Project_03/WonderlandProject/Content/Assets/Emberlight/Meshes/Foliage/Mushroom02_SM.uasset" 2105
"D:/Game_Projects/Projects/Wonderland_Project_03/WonderlandProject/Content/Assets/Emberlight/Meshes/Foliage/Mushroom02_SM.ubulk" 2106
"D:/Game_Projects/Projects/Wonderland_Project_03/WonderlandProject/Content/Assets/Emberlight/Meshes/Foliage/Mushroom02_SM.uexp" 2107
"D:/Game_Projects/Projects/Wonderland_Project_03/WonderlandProject/Content/Assets/Emberlight/FoliageMeshes/GrassPlane01_SMF.uasset" 2108
"D:/Game_Projects/Projects/Wonderland_Project_03/WonderlandProject/Content/Assets/Emberlight/FoliageMeshes/GrassPlane01_SMF.uexp" 2109
"D:/Game_Projects/Projects/Wonderland_Project_03/WonderlandProject/Content/Assets/Emberlight/FoliageMeshes/Rock03_SMF.uasset" 2110
"D:/Game_Projects/Projects/Wonderland_Project_03/WonderlandProject/Content/Assets/Emberlight/FoliageMeshes/Rock03_SMF.uexp" 2111
"D:/Game_Projects/Projects/Wonderland_Project_03/WonderlandProject/Content/Assets/Emberlight/Meshes/Foliage/Plant02_SM.uasset" 2112
"D:/Game_Projects/Projects/Wonderland_Project_03/WonderlandProject/Content/Assets/Emberlight/Meshes/Foliage/Plant02_SM.ubulk" 2113
"D:/Game_Projects/Projects/Wonderland_Project_03/WonderlandProject/Content/Assets/Emberlight/Meshes/Foliage/Plant02_SM.uexp" 2114
"D:/Game_Projects/Projects/Wonderland_Project_03/WonderlandProject/Content/Assets/Emberlight/FoliageMeshes/FlowerGroupBlue_SMF.uasset" 2115
"D:/Game_Projects/Projects/Wonderland_Project_03/WonderlandProject/Content/Assets/Emberlight/FoliageMeshes/FlowerGroupBlue_SMF.uexp" 2116
"D:/Game_Projects/Projects/Wonderland_Project_03/WonderlandProject/Content/Assets/Emberlight/FoliageMeshes/Tree07_SMF.uasset" 2117
"D:/Game_Projects/Projects/Wonderland_Project_03/WonderlandProject/Content/Assets/Emberlight/FoliageMeshes/Tree07_SMF.uexp" 2118
"D:/Game_Projects/Projects/Wonderland_Project_03/WonderlandProject/Content/Assets/Emberlight/FoliageMeshes/GrassGroup02_SMF.uasset" 2119
"D:/Game_Projects/Projects/Wonderland_Project_03/WonderlandProject/Content/Assets/Emberlight/FoliageMeshes/GrassGroup02_SMF.uexp" 2120
"D:/Game_Projects/Projects/Wonderland_Project_03/WonderlandProject/Content/Assets/Emberlight/Textures/Props/FirePlace_Pot_Metallic_T.uasset" 2121
"D:/Game_Projects/Projects/Wonderland_Project_03/WonderlandProject/Content/Assets/Emberlight/Textures/Props/FirePlace_Pot_Metallic_T.ubulk" 2122
"D:/Game_Projects/Projects/Wonderland_Project_03/WonderlandProject/Content/Assets/Emberlight/Textures/Props/FirePlace_Pot_Metallic_T.uexp" 2123
"D:/Game_Projects/Projects/Wonderland_Project_03/WonderlandProject/Content/Assets/Emberlight/Textures/Props/Fireplace_Pot_BaseColor_T.uasset" 2124
"D:/Game_Projects/Projects/Wonderland_Project_03/WonderlandProject/Content/Assets/Emberlight/Textures/Props/Fireplace_Pot_BaseColor_T.ubulk" 2125
"D:/Game_Projects/Projects/Wonderland_Project_03/WonderlandProject/Content/Assets/Emberlight/Textures/Props/Fireplace_Pot_BaseColor_T.uexp" 2126
"D:/Game_Projects/Projects/Wonderland_Project_03/WonderlandProject/Content/Assets/Emberlight/Textures/Props/FirePlace_Pot_Roughness_T.uasset" 2127
"D:/Game_Projects/Projects/Wonderland_Project_03/WonderlandProject/Content/Assets/Emberlight/Textures/Props/FirePlace_Pot_Roughness_T.ubulk" 2128
"D:/Game_Projects/Projects/Wonderland_Project_03/WonderlandProject/Content/Assets/Emberlight/Textures/Props/FirePlace_Pot_Roughness_T.uexp" 2129
"D:/Game_Projects/Projects/Wonderland_Project_03/WonderlandProject/Content/Assets/Emberlight/Textures/Props/FirePlace_Pot_Normal_T.uasset" 2130
"D:/Game_Projects/Projects/Wonderland_Project_03/WonderlandProject/Content/Assets/Emberlight/Textures/Props/FirePlace_Pot_Normal_T.ubulk" 2131
"D:/Game_Projects/Projects/Wonderland_Project_03/WonderlandProject/Content/Assets/Emberlight/Textures/Props/FirePlace_Pot_Normal_T.uexp" 2132
"D:/Game_Projects/Projects/Wonderland_Project_03/WonderlandProject/Content/Assets/Emberlight/Materials/Props/FireplacePot_M.uasset" 2133
"D:/Game_Projects/Projects/Wonderland_Project_03/WonderlandProject/Content/Assets/Emberlight/Materials/Props/FireplacePot_M.uexp" 2134
"D:/Game_Projects/Projects/Wonderland_Project_03/WonderlandProject/Content/Assets/Emberlight/Meshes/Props/Fireplace/Pot2_SM.uasset" 2135
"D:/Game_Projects/Projects/Wonderland_Project_03/WonderlandProject/Content/Assets/Emberlight/Meshes/Props/Fireplace/Pot2_SM.ubulk" 2136
"D:/Game_Projects/Projects/Wonderland_Project_03/WonderlandProject/Content/Assets/Emberlight/Meshes/Props/Fireplace/Pot2_SM.uexp" 2137
"D:/Game_Projects/Projects/Wonderland_Project_03/WonderlandProject/Content/Assets/Emberlight/FoliageMeshes/GrassGroup01_SMF.uasset" 2138
"D:/Game_Projects/Projects/Wonderland_Project_03/WonderlandProject/Content/Assets/Emberlight/FoliageMeshes/GrassGroup01_SMF.uexp" 2139
"D:/Game_Projects/Projects/Wonderland_Project_03/WonderlandProject/Content/Assets/Emberlight/FoliageMeshes/FlowerGroupRed_SMF.uasset" 2140
"D:/Game_Projects/Projects/Wonderland_Project_03/WonderlandProject/Content/Assets/Emberlight/FoliageMeshes/FlowerGroupRed_SMF.uexp" 2141
"D:/Game_Projects/Projects/Wonderland_Project_03/WonderlandProject/Content/Assets/Emberlight/Meshes/Trees/Tree03_Pine_SM.uasset" 2142
"D:/Game_Projects/Projects/Wonderland_Project_03/WonderlandProject/Content/Assets/Emberlight/Meshes/Trees/Tree03_Pine_SM.ubulk" 2143
"D:/Game_Projects/Projects/Wonderland_Project_03/WonderlandProject/Content/Assets/Emberlight/Meshes/Trees/Tree03_Pine_SM.uexp" 2144
"D:/Game_Projects/Projects/Wonderland_Project_03/WonderlandProject/Content/Assets/Emberlight/Meshes/Foliage/FlowerPurple_SM.uasset" 2145
"D:/Game_Projects/Projects/Wonderland_Project_03/WonderlandProject/Content/Assets/Emberlight/Meshes/Foliage/FlowerPurple_SM.ubulk" 2146
"D:/Game_Projects/Projects/Wonderland_Project_03/WonderlandProject/Content/Assets/Emberlight/Meshes/Foliage/FlowerPurple_SM.uexp" 2147
"D:/Game_Projects/Projects/Wonderland_Project_03/WonderlandProject/Content/Assets/Emberlight/Textures/Rocks/Rock11_Normal_T.uasset" 2148
"D:/Game_Projects/Projects/Wonderland_Project_03/WonderlandProject/Content/Assets/Emberlight/Textures/Rocks/Rock11_Normal_T.ubulk" 2149
"D:/Game_Projects/Projects/Wonderland_Project_03/WonderlandProject/Content/Assets/Emberlight/Textures/Rocks/Rock11_Normal_T.uexp" 2150
"D:/Game_Projects/Projects/Wonderland_Project_03/WonderlandProject/Content/Assets/Emberlight/Textures/Rocks/Rock11_Basecolor_T.uasset" 2151
"D:/Game_Projects/Projects/Wonderland_Project_03/WonderlandProject/Content/Assets/Emberlight/Textures/Rocks/Rock11_Basecolor_T.ubulk" 2152
"D:/Game_Projects/Projects/Wonderland_Project_03/WonderlandProject/Content/Assets/Emberlight/Textures/Rocks/Rock11_Basecolor_T.uexp" 2153
"D:/Game_Projects/Projects/Wonderland_Project_03/WonderlandProject/Content/Assets/Emberlight/Materials/Rocks/Rock11_MI.uasset" 2154
"D:/Game_Projects/Projects/Wonderland_Project_03/WonderlandProject/Content/Assets/Emberlight/Materials/Rocks/Rock11_MI.uexp" 2155
"D:/Game_Projects/Projects/Wonderland_Project_03/WonderlandProject/Content/Assets/Emberlight/Meshes/Rocks/Rock11_SM.uasset" 2156
"D:/Game_Projects/Projects/Wonderland_Project_03/WonderlandProject/Content/Assets/Emberlight/Meshes/Rocks/Rock11_SM.ubulk" 2157
"D:/Game_Projects/Projects/Wonderland_Project_03/WonderlandProject/Content/Assets/Emberlight/Meshes/Rocks/Rock11_SM.uexp" 2158
"D:/Game_Projects/Projects/Wonderland_Project_03/WonderlandProject/Content/Assets/Emberlight/Textures/Rocks/Rock10_Normal_T.uasset" 2159
"D:/Game_Projects/Projects/Wonderland_Project_03/WonderlandProject/Content/Assets/Emberlight/Textures/Rocks/Rock10_Normal_T.ubulk" 2160
"D:/Game_Projects/Projects/Wonderland_Project_03/WonderlandProject/Content/Assets/Emberlight/Textures/Rocks/Rock10_Normal_T.uexp" 2161
"D:/Game_Projects/Projects/Wonderland_Project_03/WonderlandProject/Content/Assets/Emberlight/Textures/Rocks/Rock10_Basecolor_T.uasset" 2162
"D:/Game_Projects/Projects/Wonderland_Project_03/WonderlandProject/Content/Assets/Emberlight/Textures/Rocks/Rock10_Basecolor_T.ubulk" 2163
"D:/Game_Projects/Projects/Wonderland_Project_03/WonderlandProject/Content/Assets/Emberlight/Textures/Rocks/Rock10_Basecolor_T.uexp" 2164
"D:/Game_Projects/Projects/Wonderland_Project_03/WonderlandProject/Content/Assets/Emberlight/Materials/Rocks/Rock10_MI.uasset" 2165
"D:/Game_Projects/Projects/Wonderland_Project_03/WonderlandProject/Content/Assets/Emberlight/Materials/Rocks/Rock10_MI.uexp" 2166
"D:/Game_Projects/Projects/Wonderland_Project_03/WonderlandProject/Content/Assets/Emberlight/Meshes/Rocks/Rock10_SM.uasset" 2167
"D:/Game_Projects/Projects/Wonderland_Project_03/WonderlandProject/Content/Assets/Emberlight/Meshes/Rocks/Rock10_SM.ubulk" 2168
"D:/Game_Projects/Projects/Wonderland_Project_03/WonderlandProject/Content/Assets/Emberlight/Meshes/Rocks/Rock10_SM.uexp" 2169
"D:/Game_Projects/Projects/Wonderland_Project_03/WonderlandProject/Content/Assets/Emberlight/FoliageMeshes/FlowerGroupPurple_SMF.uasset" 2170
"D:/Game_Projects/Projects/Wonderland_Project_03/WonderlandProject/Content/Assets/Emberlight/FoliageMeshes/FlowerGroupPurple_SMF.uexp" 2171
"D:/Game_Projects/Projects/Wonderland_Project_03/WonderlandProject/Content/Assets/Emberlight/Textures/Trees/Tree02_MapleLeaf_Basecolor_T.uasset" 2172
"D:/Game_Projects/Projects/Wonderland_Project_03/WonderlandProject/Content/Assets/Emberlight/Textures/Trees/Tree02_MapleLeaf_Basecolor_T.ubulk" 2173
"D:/Game_Projects/Projects/Wonderland_Project_03/WonderlandProject/Content/Assets/Emberlight/Textures/Trees/Tree02_MapleLeaf_Basecolor_T.uexp" 2174
"D:/Game_Projects/Projects/Wonderland_Project_03/WonderlandProject/Content/Assets/Emberlight/Materials/Trees/Tree02_MapleLeaf_M.uasset" 2175
"D:/Game_Projects/Projects/Wonderland_Project_03/WonderlandProject/Content/Assets/Emberlight/Materials/Trees/Tree02_MapleLeaf_M.uexp" 2176
"D:/Game_Projects/Projects/Wonderland_Project_03/WonderlandProject/Content/Assets/Emberlight/Textures/Trees/Tree02_Maple_Basecolor_T.uasset" 2177
"D:/Game_Projects/Projects/Wonderland_Project_03/WonderlandProject/Content/Assets/Emberlight/Textures/Trees/Tree02_Maple_Basecolor_T.ubulk" 2178
"D:/Game_Projects/Projects/Wonderland_Project_03/WonderlandProject/Content/Assets/Emberlight/Textures/Trees/Tree02_Maple_Basecolor_T.uexp" 2179
"D:/Game_Projects/Projects/Wonderland_Project_03/WonderlandProject/Content/Assets/Emberlight/Textures/Trees/Tree02_Maple_Normal_T.uasset" 2180
"D:/Game_Projects/Projects/Wonderland_Project_03/WonderlandProject/Content/Assets/Emberlight/Textures/Trees/Tree02_Maple_Normal_T.ubulk" 2181
"D:/Game_Projects/Projects/Wonderland_Project_03/WonderlandProject/Content/Assets/Emberlight/Textures/Trees/Tree02_Maple_Normal_T.uexp" 2182
"D:/Game_Projects/Projects/Wonderland_Project_03/WonderlandProject/Content/Assets/Emberlight/Materials/Trees/Tree02_Maple_M.uasset" 2183
"D:/Game_Projects/Projects/Wonderland_Project_03/WonderlandProject/Content/Assets/Emberlight/Materials/Trees/Tree02_Maple_M.uexp" 2184
"D:/Game_Projects/Projects/Wonderland_Project_03/WonderlandProject/Content/Assets/Emberlight/Meshes/Trees/Tree02_Maple_SM.uasset" 2185
"D:/Game_Projects/Projects/Wonderland_Project_03/WonderlandProject/Content/Assets/Emberlight/Meshes/Trees/Tree02_Maple_SM.ubulk" 2186
"D:/Game_Projects/Projects/Wonderland_Project_03/WonderlandProject/Content/Assets/Emberlight/Meshes/Trees/Tree02_Maple_SM.uexp" 2187
"D:/Game_Projects/Projects/Wonderland_Project_03/WonderlandProject/Content/Assets/Emberlight/FoliageMeshes/Rock05_SMF.uasset" 2188
"D:/Game_Projects/Projects/Wonderland_Project_03/WonderlandProject/Content/Assets/Emberlight/FoliageMeshes/Rock05_SMF.uexp" 2189
"D:/Game_Projects/Projects/Wonderland_Project_03/WonderlandProject/Content/Assets/Emberlight/Textures/Foliage/Mushroom01_Basecolor_T.uasset" 2190
"D:/Game_Projects/Projects/Wonderland_Project_03/WonderlandProject/Content/Assets/Emberlight/Textures/Foliage/Mushroom01_Basecolor_T.ubulk" 2191
"D:/Game_Projects/Projects/Wonderland_Project_03/WonderlandProject/Content/Assets/Emberlight/Textures/Foliage/Mushroom01_Basecolor_T.uexp" 2192
"D:/Game_Projects/Projects/Wonderland_Project_03/WonderlandProject/Content/Assets/Emberlight/Textures/Foliage/Mushroom01_Roughness_T.uasset" 2193
"D:/Game_Projects/Projects/Wonderland_Project_03/WonderlandProject/Content/Assets/Emberlight/Textures/Foliage/Mushroom01_Roughness_T.ubulk" 2194
"D:/Game_Projects/Projects/Wonderland_Project_03/WonderlandProject/Content/Assets/Emberlight/Textures/Foliage/Mushroom01_Roughness_T.uexp" 2195
"D:/Game_Projects/Projects/Wonderland_Project_03/WonderlandProject/Content/Assets/Emberlight/Materials/Foliage/Mushroom01_M.uasset" 2196
"D:/Game_Projects/Projects/Wonderland_Project_03/WonderlandProject/Content/Assets/Emberlight/Materials/Foliage/Mushroom01_M.uexp" 2197
"D:/Game_Projects/Projects/Wonderland_Project_03/WonderlandProject/Content/Assets/Emberlight/Meshes/Foliage/Mushroom01_SM.uasset" 2198
"D:/Game_Projects/Projects/Wonderland_Project_03/WonderlandProject/Content/Assets/Emberlight/Meshes/Foliage/Mushroom01_SM.ubulk" 2199
"D:/Game_Projects/Projects/Wonderland_Project_03/WonderlandProject/Content/Assets/Emberlight/Meshes/Foliage/Mushroom01_SM.uexp" 2200
"D:/Game_Projects/Projects/Wonderland_Project_03/WonderlandProject/Content/Assets/Emberlight/Meshes/Foliage/GrassPiece02_SM.uasset" 2201
"D:/Game_Projects/Projects/Wonderland_Project_03/WonderlandProject/Content/Assets/Emberlight/Meshes/Foliage/GrassPiece02_SM.ubulk" 2202
"D:/Game_Projects/Projects/Wonderland_Project_03/WonderlandProject/Content/Assets/Emberlight/Meshes/Foliage/GrassPiece02_SM.uexp" 2203
"D:/Game_Projects/Projects/Wonderland_Project_03/WonderlandProject/Content/Assets/Emberlight/Textures/Foliage/WoodStick03_Basecolor_T.uasset" 2204
"D:/Game_Projects/Projects/Wonderland_Project_03/WonderlandProject/Content/Assets/Emberlight/Textures/Foliage/WoodStick03_Basecolor_T.ubulk" 2205
"D:/Game_Projects/Projects/Wonderland_Project_03/WonderlandProject/Content/Assets/Emberlight/Textures/Foliage/WoodStick03_Basecolor_T.uexp" 2206
"D:/Game_Projects/Projects/Wonderland_Project_03/WonderlandProject/Content/Assets/Emberlight/Materials/Foliage/WoodStick03_M.uasset" 2207
"D:/Game_Projects/Projects/Wonderland_Project_03/WonderlandProject/Content/Assets/Emberlight/Materials/Foliage/WoodStick03_M.uexp" 2208
"D:/Game_Projects/Projects/Wonderland_Project_03/WonderlandProject/Content/Assets/Emberlight/Meshes/Foliage/WoodStick03_SM.uasset" 2209
"D:/Game_Projects/Projects/Wonderland_Project_03/WonderlandProject/Content/Assets/Emberlight/Meshes/Foliage/WoodStick03_SM.ubulk" 2210
"D:/Game_Projects/Projects/Wonderland_Project_03/WonderlandProject/Content/Assets/Emberlight/Meshes/Foliage/WoodStick03_SM.uexp" 2211
"D:/Game_Projects/Projects/Wonderland_Project_03/WonderlandProject/Content/Assets/Emberlight/Meshes/Props/Boat/Pulley_SM.uasset" 2212
"D:/Game_Projects/Projects/Wonderland_Project_03/WonderlandProject/Content/Assets/Emberlight/Meshes/Props/Boat/Pulley_SM.ubulk" 2213
"D:/Game_Projects/Projects/Wonderland_Project_03/WonderlandProject/Content/Assets/Emberlight/Meshes/Props/Boat/Pulley_SM.uexp" 2214
"D:/Game_Projects/Projects/Wonderland_Project_03/WonderlandProject/Content/Assets/Emberlight/FoliageMeshes/WoodStick01_SMF.uasset" 2215
"D:/Game_Projects/Projects/Wonderland_Project_03/WonderlandProject/Content/Assets/Emberlight/FoliageMeshes/WoodStick01_SMF.uexp" 2216
"D:/Game_Projects/Projects/Wonderland_Project_03/WonderlandProject/Content/Assets/Emberlight/Textures/Trees/Tree06_Willow_Roughness_T.uasset" 2217
"D:/Game_Projects/Projects/Wonderland_Project_03/WonderlandProject/Content/Assets/Emberlight/Textures/Trees/Tree06_Willow_Roughness_T.ubulk" 2218
"D:/Game_Projects/Projects/Wonderland_Project_03/WonderlandProject/Content/Assets/Emberlight/Textures/Trees/Tree06_Willow_Roughness_T.uexp" 2219
"D:/Game_Projects/Projects/Wonderland_Project_03/WonderlandProject/Content/Assets/Emberlight/Textures/Trees/Tree06_Willow_Normal_T.uasset" 2220
"D:/Game_Projects/Projects/Wonderland_Project_03/WonderlandProject/Content/Assets/Emberlight/Textures/Trees/Tree06_Willow_Normal_T.ubulk" 2221
"D:/Game_Projects/Projects/Wonderland_Project_03/WonderlandProject/Content/Assets/Emberlight/Textures/Trees/Tree06_Willow_Normal_T.uexp" 2222
"D:/Game_Projects/Projects/Wonderland_Project_03/WonderlandProject/Content/Assets/Emberlight/Textures/Trees/Tree06_Willow_Basecolor_T.uasset" 2223
"D:/Game_Projects/Projects/Wonderland_Project_03/WonderlandProject/Content/Assets/Emberlight/Textures/Trees/Tree06_Willow_Basecolor_T.ubulk" 2224
"D:/Game_Projects/Projects/Wonderland_Project_03/WonderlandProject/Content/Assets/Emberlight/Textures/Trees/Tree06_Willow_Basecolor_T.uexp" 2225
"D:/Game_Projects/Projects/Wonderland_Project_03/WonderlandProject/Content/Assets/Emberlight/Materials/Trees/Tree06_Willow_M.uasset" 2226
"D:/Game_Projects/Projects/Wonderland_Project_03/WonderlandProject/Content/Assets/Emberlight/Materials/Trees/Tree06_Willow_M.uexp" 2227
"D:/Game_Projects/Projects/Wonderland_Project_03/WonderlandProject/Content/Assets/Emberlight/Textures/Trees/Tree06_WillowLeaf_Opacity_T.uasset" 2228
"D:/Game_Projects/Projects/Wonderland_Project_03/WonderlandProject/Content/Assets/Emberlight/Textures/Trees/Tree06_WillowLeaf_Opacity_T.ubulk" 2229
"D:/Game_Projects/Projects/Wonderland_Project_03/WonderlandProject/Content/Assets/Emberlight/Textures/Trees/Tree06_WillowLeaf_Opacity_T.uexp" 2230
"D:/Game_Projects/Projects/Wonderland_Project_03/WonderlandProject/Content/Assets/Emberlight/Textures/Trees/Tree06_WillowLeaf_Basecolor_T.uasset" 2231
"D:/Game_Projects/Projects/Wonderland_Project_03/WonderlandProject/Content/Assets/Emberlight/Textures/Trees/Tree06_WillowLeaf_Basecolor_T.ubulk" 2232
"D:/Game_Projects/Projects/Wonderland_Project_03/WonderlandProject/Content/Assets/Emberlight/Textures/Trees/Tree06_WillowLeaf_Basecolor_T.uexp" 2233
"D:/Game_Projects/Projects/Wonderland_Project_03/WonderlandProject/Content/Assets/Emberlight/Materials/Trees/Tree06_WillowLeaf_M.uasset" 2234
"D:/Game_Projects/Projects/Wonderland_Project_03/WonderlandProject/Content/Assets/Emberlight/Materials/Trees/Tree06_WillowLeaf_M.uexp" 2235
"D:/Game_Projects/Projects/Wonderland_Project_03/WonderlandProject/Content/Assets/Emberlight/Meshes/Trees/Tree06_Willow_SM.uasset" 2236
"D:/Game_Projects/Projects/Wonderland_Project_03/WonderlandProject/Content/Assets/Emberlight/Meshes/Trees/Tree06_Willow_SM.ubulk" 2237
"D:/Game_Projects/Projects/Wonderland_Project_03/WonderlandProject/Content/Assets/Emberlight/Meshes/Trees/Tree06_Willow_SM.uexp" 2238
"D:/Game_Projects/Projects/Wonderland_Project_03/WonderlandProject/Content/Assets/Emberlight/Textures/Trees/Tree09_BirchLeaf_Basecolor_T.uasset" 2239
"D:/Game_Projects/Projects/Wonderland_Project_03/WonderlandProject/Content/Assets/Emberlight/Textures/Trees/Tree09_BirchLeaf_Basecolor_T.ubulk" 2240
"D:/Game_Projects/Projects/Wonderland_Project_03/WonderlandProject/Content/Assets/Emberlight/Textures/Trees/Tree09_BirchLeaf_Basecolor_T.uexp" 2241
"D:/Game_Projects/Projects/Wonderland_Project_03/WonderlandProject/Content/Assets/Emberlight/Materials/Trees/Tree09_Leaf_M.uasset" 2242
"D:/Game_Projects/Projects/Wonderland_Project_03/WonderlandProject/Content/Assets/Emberlight/Materials/Trees/Tree09_Leaf_M.uexp" 2243
"D:/Game_Projects/Projects/Wonderland_Project_03/WonderlandProject/Content/Assets/Emberlight/Textures/Trees/Tree09_Birch_Normal_T.uasset" 2244
"D:/Game_Projects/Projects/Wonderland_Project_03/WonderlandProject/Content/Assets/Emberlight/Textures/Trees/Tree09_Birch_Normal_T.ubulk" 2245
"D:/Game_Projects/Projects/Wonderland_Project_03/WonderlandProject/Content/Assets/Emberlight/Textures/Trees/Tree09_Birch_Normal_T.uexp" 2246
"D:/Game_Projects/Projects/Wonderland_Project_03/WonderlandProject/Content/Assets/Emberlight/Textures/Trees/Tree09_Birch_Basecolor_T.uasset" 2247
"D:/Game_Projects/Projects/Wonderland_Project_03/WonderlandProject/Content/Assets/Emberlight/Textures/Trees/Tree09_Birch_Basecolor_T.ubulk" 2248
"D:/Game_Projects/Projects/Wonderland_Project_03/WonderlandProject/Content/Assets/Emberlight/Textures/Trees/Tree09_Birch_Basecolor_T.uexp" 2249
"D:/Game_Projects/Projects/Wonderland_Project_03/WonderlandProject/Content/Assets/Emberlight/Materials/Trees/Tree09_Birch_M.uasset" 2250
"D:/Game_Projects/Projects/Wonderland_Project_03/WonderlandProject/Content/Assets/Emberlight/Materials/Trees/Tree09_Birch_M.uexp" 2251
"D:/Game_Projects/Projects/Wonderland_Project_03/WonderlandProject/Content/Assets/Emberlight/Meshes/Trees/Tree09_BirchGreen_SM.uasset" 2252
"D:/Game_Projects/Projects/Wonderland_Project_03/WonderlandProject/Content/Assets/Emberlight/Meshes/Trees/Tree09_BirchGreen_SM.ubulk" 2253
"D:/Game_Projects/Projects/Wonderland_Project_03/WonderlandProject/Content/Assets/Emberlight/Meshes/Trees/Tree09_BirchGreen_SM.uexp" 2254
"D:/Game_Projects/Projects/Wonderland_Project_03/WonderlandProject/Content/Assets/Emberlight/FoliageMeshes/Flower_SMF.uasset" 2255
"D:/Game_Projects/Projects/Wonderland_Project_03/WonderlandProject/Content/Assets/Emberlight/FoliageMeshes/Flower_SMF.uexp" 2256
"D:/Game_Projects/Projects/Wonderland_Project_03/WonderlandProject/Content/Assets/Emberlight/Textures/Props/Binoculars_BaseColor_T.uasset" 2257
"D:/Game_Projects/Projects/Wonderland_Project_03/WonderlandProject/Content/Assets/Emberlight/Textures/Props/Binoculars_BaseColor_T.ubulk" 2258
"D:/Game_Projects/Projects/Wonderland_Project_03/WonderlandProject/Content/Assets/Emberlight/Textures/Props/Binoculars_BaseColor_T.uexp" 2259
"D:/Game_Projects/Projects/Wonderland_Project_03/WonderlandProject/Content/Assets/Emberlight/Textures/Props/Binoculars_Roughness_T.uasset" 2260
"D:/Game_Projects/Projects/Wonderland_Project_03/WonderlandProject/Content/Assets/Emberlight/Textures/Props/Binoculars_Roughness_T.ubulk" 2261
"D:/Game_Projects/Projects/Wonderland_Project_03/WonderlandProject/Content/Assets/Emberlight/Textures/Props/Binoculars_Roughness_T.uexp" 2262
"D:/Game_Projects/Projects/Wonderland_Project_03/WonderlandProject/Content/Assets/Emberlight/Materials/Props/Binoculars_M.uasset" 2263
"D:/Game_Projects/Projects/Wonderland_Project_03/WonderlandProject/Content/Assets/Emberlight/Materials/Props/Binoculars_M.uexp" 2264
"D:/Game_Projects/Projects/Wonderland_Project_03/WonderlandProject/Content/Assets/Emberlight/Meshes/Props/Binoculars_SM.uasset" 2265
"D:/Game_Projects/Projects/Wonderland_Project_03/WonderlandProject/Content/Assets/Emberlight/Meshes/Props/Binoculars_SM.ubulk" 2266
"D:/Game_Projects/Projects/Wonderland_Project_03/WonderlandProject/Content/Assets/Emberlight/Meshes/Props/Binoculars_SM.uexp" 2267
"D:/Game_Projects/Projects/Wonderland_Project_03/WonderlandProject/Content/Assets/Emberlight/Textures/SharedTextures/GradientMask_T.uasset" 2268
"D:/Game_Projects/Projects/Wonderland_Project_03/WonderlandProject/Content/Assets/Emberlight/Textures/SharedTextures/GradientMask_T.ubulk" 2269
"D:/Game_Projects/Projects/Wonderland_Project_03/WonderlandProject/Content/Assets/Emberlight/Textures/SharedTextures/GradientMask_T.uexp" 2270
"D:/Game_Projects/Projects/Wonderland_Project_03/WonderlandProject/Content/Assets/Emberlight/Textures/SharedTextures/Clouds_Texture_T.uasset" 2271
"D:/Game_Projects/Projects/Wonderland_Project_03/WonderlandProject/Content/Assets/Emberlight/Textures/SharedTextures/Clouds_Texture_T.ubulk" 2272
"D:/Game_Projects/Projects/Wonderland_Project_03/WonderlandProject/Content/Assets/Emberlight/Textures/SharedTextures/Clouds_Texture_T.uexp" 2273
"D:/Game_Projects/Projects/Wonderland_Project_03/WonderlandProject/Content/Assets/Emberlight/Materials/Effects/Godray_M.uasset" 2274
"D:/Game_Projects/Projects/Wonderland_Project_03/WonderlandProject/Content/Assets/Emberlight/Materials/Effects/Godray_M.uexp" 2275
"D:/Game_Projects/Projects/Wonderland_Project_03/WonderlandProject/Content/Assets/Emberlight/Materials/Effects/Godray_MI.uasset" 2276
"D:/Game_Projects/Projects/Wonderland_Project_03/WonderlandProject/Content/Assets/Emberlight/Materials/Effects/Godray_MI.uexp" 2277
"D:/Game_Projects/Projects/Wonderland_Project_03/WonderlandProject/Content/Assets/Emberlight/Meshes/Godray_SM.uasset" 2278
"D:/Game_Projects/Projects/Wonderland_Project_03/WonderlandProject/Content/Assets/Emberlight/Meshes/Godray_SM.ubulk" 2279
"D:/Game_Projects/Projects/Wonderland_Project_03/WonderlandProject/Content/Assets/Emberlight/Meshes/Godray_SM.uexp" 2280
"D:/Game_Projects/Projects/Wonderland_Project_03/WonderlandProject/Content/Wonderland/Level/MainLevel.umap" 2281
"D:/Game_Projects/Projects/Wonderland_Project_03/WonderlandProject/Content/Wonderland/Level/MainLevel.ubulk" 2282
"D:/Game_Projects/Projects/Wonderland_Project_03/WonderlandProject/Content/Wonderland/Level/MainLevel.uexp" 2283
"D:/Game_Projects/Projects/Wonderland_Project_03/WonderlandProject/Content/Wonderland/Widget/Loading/Textures/T_LoadingBackground.uasset" 2284
"D:/Game_Projects/Projects/Wonderland_Project_03/WonderlandProject/Content/Wonderland/Widget/Loading/Textures/T_LoadingBackground.uexp" 2285
"D:/Game_Projects/Projects/Wonderland_Project_03/WonderlandProject/Content/Wonderland/Widget/Loading/Textures/T_LoadingIcon.uasset" 2286
"D:/Game_Projects/Projects/Wonderland_Project_03/WonderlandProject/Content/Wonderland/Widget/Loading/Textures/T_LoadingIcon.uexp" 2287
"D:/Game_Projects/Projects/Wonderland_Project_03/WonderlandProject/Content/Wonderland/Widget/Loading/WBP_Loading.uasset" 2288
"D:/Game_Projects/Projects/Wonderland_Project_03/WonderlandProject/Content/Wonderland/Widget/Loading/WBP_Loading.uexp" 2289
"D:/Game_Projects/Projects/Wonderland_Project_03/WonderlandProject/Content/Wonderland/Level/LoadingLevel.umap" 2290
"D:/Game_Projects/Projects/Wonderland_Project_03/WonderlandProject/Content/Wonderland/Level/LoadingLevel.uexp" 2291
"D:/Game_Projects/Projects/Wonderland_Project_03/WonderlandProject/Content/Wonderland/Video/SW_IntroVideo.uasset" 2292
"D:/Game_Projects/Projects/Wonderland_Project_03/WonderlandProject/Content/Wonderland/Video/SW_IntroVideo.ubulk" 2293
"D:/Game_Projects/Projects/Wonderland_Project_03/WonderlandProject/Content/Wonderland/Video/SW_IntroVideo.uexp" 2294
"D:/Game_Projects/Projects/Wonderland_Project_03/WonderlandProject/Content/Wonderland/Video/MP_Intro.uasset" 2295
"D:/Game_Projects/Projects/Wonderland_Project_03/WonderlandProject/Content/Wonderland/Video/MP_Intro.uexp" 2296
"D:/Game_Projects/Projects/Wonderland_Project_03/WonderlandProject/Content/Wonderland/Video/MT_Intro.uasset" 2297
"D:/Game_Projects/Projects/Wonderland_Project_03/WonderlandProject/Content/Wonderland/Video/MT_Intro.uexp" 2298
"D:/Game_Projects/Projects/Wonderland_Project_03/WonderlandProject/Content/Wonderland/Video/MAT_Intro.uasset" 2299
"D:/Game_Projects/Projects/Wonderland_Project_03/WonderlandProject/Content/Wonderland/Video/MAT_Intro.uexp" 2300
"D:/Game_Projects/Projects/Wonderland_Project_03/WonderlandProject/Content/Wonderland/Video/MAT_IntroInst.uasset" 2301
"D:/Game_Projects/Projects/Wonderland_Project_03/WonderlandProject/Content/Wonderland/Video/MAT_IntroInst.uexp" 2302
"D:/Game_Projects/Projects/Wonderland_Project_03/WonderlandProject/Content/Wonderland/Video/FMS_Intro.uasset" 2303
"D:/Game_Projects/Projects/Wonderland_Project_03/WonderlandProject/Content/Wonderland/Video/FMS_Intro.uexp" 2304
"D:/Game_Projects/Projects/Wonderland_Project_03/WonderlandProject/Content/Wonderland/Widget/Intro/Textures/T_SkipIcon.uasset" 2305
"D:/Game_Projects/Projects/Wonderland_Project_03/WonderlandProject/Content/Wonderland/Widget/Intro/Textures/T_SkipIcon.uexp" 2306
"D:/Game_Projects/Projects/Wonderland_Project_03/WonderlandProject/Content/Wonderland/Widget/Intro/WBP_Intro.uasset" 2307
"D:/Game_Projects/Projects/Wonderland_Project_03/WonderlandProject/Content/Wonderland/Widget/Intro/WBP_Intro.uexp" 2308
"D:/Game_Projects/Projects/Wonderland_Project_03/WonderlandProject/Content/Wonderland/Level/IntroLevel.umap" 2309
"D:/Game_Projects/Projects/Wonderland_Project_03/WonderlandProject/Content/Wonderland/Level/IntroLevel.uexp" 2310
"../../../Engine/Content/Maps/Entry_BuiltData.uasset" 2311
"../../../Engine/Content/Maps/Entry_BuiltData.uexp" 2312
"../../../Engine/Content/Maps/Entry.umap" 2313
"../../../Engine/Content/Maps/Entry.uexp" 2314
